ctg3,id
니트/스웨터,50000805
카디건,50000806
원피스,50000807
티셔츠,50000803
블라우스/셔츠,50000804
점퍼,50000814
재킷,50000815
코트,50000813
청바지,50000809
스커트,50000808
레깅스,50000812
바지,50000810
트레이닝복,50000818
조끼,50000817
정장세트,50000816
한복,50000819
유니폼,50000821
파티복,50000820
레인코트,50000822
점프슈트,50000811
코디세트,50000778
여성수영복,50000999
비치웨어,50001000
브라,50000823
팬티,50000824
브라팬티세트,50000825
보정속옷,50001452
니퍼/복대,50003624
코르셋,50003625
올인원/바디쉐이퍼,50003626
거들,50003627
보정속옷세트,50003630
기타보정속옷,50003631
잠옷/홈웨어,50000826
슬립,50000827
러닝/캐미솔,50000828
속치마/속바지,50000829
시즌성내의,50001453
내복,50003632
힙워머,50003634
모시메리,50003635
언더웨어소품,50001454
가터벨트,50003636
브라끈,50003637
브라패드,50003638
땀패드,50003639
기타언더웨어소품,50003816
니트/스웨터,50000831
티셔츠,50000830
셔츠/남방,50000833
카디건,50000832
점퍼,50000837
재킷,50000838
코트,50000839
청바지,50000835
바지,50000836
조끼,50000834
정장세트,50000840
트레이닝복,50000841
한복,50000842
유니폼,50000843
레인코트,50000844
코디세트,50006328
남성수영복,50000998
비치웨어,50001000
팬티,50000845
러닝,50000846
러닝팬티세트,50000847
잠옷/홈웨어,50000848
보정속옷,50001455
보정상의,50003804
보정하의,50003805
복대,50003807
시즌성내의,50001456
내복,50003808
모시메리,50003810
티셔츠,50000747
니트/스웨터,50000750
블라우스,50000749
셔츠/남방,50000748
카디건,50000751
점퍼,50000759
재킷,50000760
원피스,50000752
코트,50000758
바지,50000755
청바지,50000754
스커트,50000753
조끼,50000762
상하세트,50000761
트레이닝복,50000763
레깅스,50000757
스키복,50000767
점프슈트,50000756
한복,50000765
발레복/댄스복,50000766
파티복/드레스,50000764
교복,50000769
레인코트,50000770
수영복/용품,50000140
코디세트,50006828
팬티,50000771
브라,50000772
브라팬티세트,50000773
러닝,50000774
러닝팬티세트,50000775
잠옷/홈웨어,50000776
속치마/속바지,50000777
시즌성내의,50001457
내복,50003811
타이즈,50003812
단화,50001459
플랫,50003817
로퍼,50003818
옥스포드화,50003819
모카신/털신,50003820
슬립온,50003821
스니커즈,50003822
힐/펌프스,50001460
하이힐,50003823
가보시힐,50003824
스트랩힐,50003825
슬링백힐,50003826
웨지힐,50003827
토오픈힐,50003828
통굽힐,50003829
펌프스,50003830
웨딩슈즈,50003831
워커,50001461
플랫워커,50003832
워커힐,50003833
부티,50000779
운동화,50001463
러닝화,50003835
보드화,50003836
하이탑,50003837
아쿠아슈즈,50003838
워킹화,50003839
캔버스화,50003840
샌들,50001464
슬링백샌들,50003841
스트랩샌들,50003842
웨지힐샌들,50003843
글래디에이터샌들,50003844
젤리샌들,50003845
아쿠아샌들,50003846
뮬/블로퍼,50003847
슬리퍼,50000780
실내화,50000781
기능화,50001465
유니폼화,50003848
작업화/안전화,50003849
컴포트화,50003850
한복신발,50003851
다이어트화,50003852
댄스화,50003853
부츠,50001462
롱부츠,50003834
미들부츠,50004190
앵클/숏부츠,50004191
슬립온,50000783
모카신/털신,50000784
보트슈즈,50000785
스니커즈,50000788
샌들,50000789
슬리퍼,50000790
워커,50000791
부츠,50000792
웰트화,50000665
실내화,50000666
운동화,50001466
러닝화,50003854
보드화,50003855
하이탑,50003856
아쿠아슈즈,50003857
워킹화,50003858
캔버스화,50003859
기능화,50001467
작업화/안전화,50003860
컴포트화,50003861
한복신발,50003862
댄스화,50003863
구두,50000787
여성지갑,50001471
반지갑,50003982
중지갑,50003983
장지갑,50003984
남성지갑,50001472
반지갑,50003985
중지갑,50003986
장지갑,50003987
머니클립,50000661
카드/명함지갑,50000662
열쇠지갑,50000663
동전지갑,50000664
통장지갑,50000537
지갑기타세트,50000538
하드캐리어,50001469
기내용,50003978
중대형,50003979
소프트캐리어,50001470
기내용,50003980
중대형,50003981
보스턴가방,50000653
복대,50000654
이민/유학용가방,50000655
슈트케이스,50000656
여권지갑/케이스,50000657
여행소품케이스,50000658
네임태그,50000659
잠금벨트/자물쇠,50000660
캐리어커버,50006908
캐리어소품,50005464
신발깔창,50000667
신발끈,50000668
보호쿠션/패드,50000669
부츠키퍼,50000670
구둣주걱,50000671
슈즈커버,50006909
기타신발용품,50000672
백팩,50000644
크로스백,50000641
숄더백,50000639
토트백,50000640
파우치,50000643
클러치백,50000642
힙색,50000645
가방소품,50001468
가방걸이,50003976
가방끈,50003977
백팩,50000651
크로스백,50000648
숄더백,50000646
토트백,50000647
브리프케이스,50000650
클러치백,50000649
힙색,50000652
가발,50001478
남성가발,50004008
여성가발,50004009
헤어밴드,50000560
헤어핀,50000561
헤어끈,50000562
헤어액세서리소품,50000563
스냅백,50001475
일반캡,50003992
메시캡,50003993
베레모,50006868
야구모자,50001474
일반캡,50003990
메시캡,50003991
군모,50000541
비니,50000543
귀달이모자,50000548
방울털모자,50000549
귀마개,50000550
헌팅캡,50000547
페도라,50000544
두건/반다나,50000545
사파리모자,50000546
선캡,50000542
스카프,50001479
롱,50004010
쁘띠/미니,50004011
손수건,50001480
남성용,50004012
여성용,50004013
넥타이,50001481
기본넥타이,50004014
나비넥타이,50004015
넥타이핀,50004016
커프스,50000564
머플러,50000565
넥워머,50000566
숄,50000567
넥케이프,50000568
행커치프,50000569
우산,50001482
수동우산,50004017
자동우산,50004018
양산,50001483
수동양산,50004019
자동양산,50004020
스타킹,50001484
발목스타킹,50004021
판타롱스타킹,50004022
밴드스타킹,50004023
팬티스타킹,50004024
압박보정스타킹,50004025
스프레이스타킹,50004026
브로치,50001485
보석브로치,50004027
패션브로치,50004028
카네이션브로치,50004029
부채,50000571
와펜,50000572
코르사주,50000573
한복소품,50000574
라이터/담배용품,50001486
라이터,50004137
담배케이스,50004138
기타담배용품,50004139
키홀더,50000570
기타패션소품,50000434
반지,50001489
다이아몬드반지,50004148
14K반지,50004149
18K반지,50004150
순금반지,50004151
은반지,50004152
유색보석반지,50004153
진주반지,50004154
패션반지,50004155
이니셜반지,50004156
반지만들기,50006870
귀걸이,50001490
다이아몬드귀걸이,50004157
14K귀걸이,50004158
18K귀걸이,50004159
순금귀걸이,50004160
은귀걸이,50004161
유색보석귀걸이,50004162
진주귀걸이,50004163
패션귀걸이,50004164
이니셜귀걸이,50004165
피어싱,50004166
귀걸이만들기,50006873
목걸이,50001491
다이아몬드목걸이,50004167
14K목걸이,50004168
18K목걸이,50004169
순금목걸이,50004170
은목걸이,50004171
유색보석목걸이,50004172
진주목걸이,50004173
패션목걸이,50004174
이니셜목걸이,50004175
목걸이만들기,50006871
펜던트,50001492
금펜던트,50004176
은펜던트,50004177
패션펜던트,50004179
유색보석펜던트,50004178
순금펜던트,50006170
주얼리세트,50001493
다이아몬드세트,50004180
14K세트,50004181
18K세트,50004182
은세트,50004183
유색보석세트,50004184
진주세트,50004185
패션주얼리세트,50004186
순금주얼리세트,50006171
주얼리소품,50001494
보관함/케이스,50004187
진열대,50004188
세척용품,50004189
기타주얼리소품,50006910
팔찌,50001495
금팔찌,50004192
은팔찌,50004193
패션팔찌,50004194
순금팔찌,50006169
팔찌만들기,50006872
발찌,50006174
패션발찌,50006175
순금발찌,50006176
골드바,50000432
실버바,50006911
순금기념품,50000433
여성장갑,50000551
남성장갑,50000552
암워머/토시,50000553
여성벨트,50000539
남성벨트,50001473
정장벨트,50003988
캐주얼벨트,50003989
멜빵,50000540
순금돌반지,50000427
팔찌,50000428
목걸이,50000429
귀걸이,50006912
펜던트,50000430
베이비주얼리세트,50000431
순금주얼리,50006173
여성양말,50001476
덧신,50003994
발목양말,50003995
중목/장목양말,50003996
니삭스,50003997
스포츠양말,50003998
발가락양말,50003999
수면양말,50004000
레그워머,50004001
남성양말,50001477
발목양말,50004002
중목/장목양말,50004003
스포츠양말,50004004
발가락양말,50004005
수면양말,50004006
레그워머,50004007
선글라스,50000554
선글라스 케이스/소품,50000555
안경테,50000556
안경케이스,50000557
안경소품,50000558
안경줄,50000559
커플시계,50000425
아동시계,50000426
시계수리용품,50000435
패션시계,50001487
가죽밴드시계,50004140
메탈밴드시계,50004141
금시계,50004142
뱅글/팔찌형시계,50004143
젤리/우레탄밴드시계,50004144
기타밴드시계,50006188
회중시계,50004145
스톱워치,50005245
시계소품,50001488
시계줄,50004146
시계보관함,50004147
보호필름,50006913
스킨/토너,50000437
로션,50000438
에센스,50000439
크림,50000440
아이케어,50000441
미스트,50000442
페이스오일,50000443
화장품세트,50000444
넥케어,50000342
선크림,50000445
선스프레이,50000446
선스틱,50000447
선파우더/쿠션,50000448
태닝,50001496
태닝스프레이,50004195
태닝오일,50004403
태닝크림,50004404
태닝티슈,50004641
애프터선,50000449
선케어세트,50000450
클렌징폼,50000451
클렌징오일,50000452
클렌징크림,50000453
클렌징로션,50000454
클렌징젤,50000455
클렌징워터,50000456
클렌징티슈,50000457
클렌징비누,50000458
클렌징파우더,50000459
립앤아이리무버,50000460
스크럽/필링,50000461
클렌징세트,50000462
BB크림,50000470
CC크림,50000471
프라이머,50000472
메이크업베이스,50000345
파우더,50001369
루스파우더,50004196
팩트파우더,50004580
트윈케이크,50000346
파운데이션,50001370
리퀴드형,50004197
스틱형,50004581
크림형,50004582
쿠션형,50005288
컨실러,50000347
베이스메이크업세트,50000390
립스틱,50000391
립케어,50000392
립글로스,50000393
립틴트,50000394
립라이너,50000395
아이섀도,50000396
아이라이너,50001371
리퀴드형,50004377
젤형,50004583
펜슬형,50004584
마스카라,50000397
아이브로,50000398
블러셔,50000399
하이라이터,50000400
색조메이크업세트,50000401
화장품케이스,50000319
DIY화장품재료,50005289
아이소품,50001373
뷰러,50004379
속눈썹,50004380
쌍꺼풀,50004381
눈썹칼,50004382
눈썹가위,50004383
족집게,50004384
샤프너,50004385
기타아이소품,50004386
페이스소품,50001374
기름종이,50004387
화장솜,50004388
퍼프,50004389
면봉,50004586
마사지도구,50004391
세안도구,50004392
코털제거기,50004393
피지/각질제거기,50004394
기타페이스소품,50004395
헤어소품,50001375
헤어브러시,50004396
에어브러시,50005097
드라이어,50005098
고데기,50005099
매직기,50005100
미용가위,50004397
헤어롤,50004398
롤셋,50005101
세안밴드,50004399
가발,50005102
헤어핀,50005103
헤어끈,50005104
헤어캡,50004400
기타헤어소품,50004401
바디소품,50000316
메이크업브러시,50001376
립브러시,50004402
아이브러시,50004587
페이스브러시,50004588
브러시세트,50004589
거울,50005105
타투,50000317
피부케어기기,50005106
마스크시트,50000463
필오프팩,50000464
워시오프팩,50000465
코팩,50000466
수면팩,50000467
마사지크림/젤,50000468
마스크/팩세트,50000469
매니큐어,50000402
네일아트,50000403
네일영양제,50000404
네일리무버,50000405
네일케어도구,50000406
손발톱정리기,50005092
네일케어세트,50000407
여성향수,50000312
남성향수,50000313
남녀공용향수,50000314
향수세트,50000315
바디로션,50000408
바디크림,50000281
바디오일,50000282
바디미스트,50000283
바디파우더,50000284
바디클렌저,50000285
바디스크럽,50000286
여성청결제,50000287
목욕비누,50000288
핸드케어,50000289
풋케어,50000290
파라핀용품,50005093
입욕제,50000291
아로마테라피,50000292
데오드란트,50000293
제모제,50000294
제모기,50005094
바디슬리밍,50000295
바디케어세트,50000296
샤워코롱,50005287
샴푸,50000297
린스,50000298
트리트먼트,50000299
헤어에센스,50000300
헤어팩,50000301
헤어미스트,50000302
두피케어,50000303
두피케어기기,50005095
탈모케어,50000304
헤어케어세트,50000305
헤어왁스,50000306
헤어스프레이,50000307
헤어무스,50000308
헤어젤,50000309
헤어글레이즈,50000310
염색약,50000311
파마약,50001372
스트레이트,50004378
웨이브,50004585
스킨,50000321
로션,50000322
에센스,50000323
크림,50000324
아이케어,50000325
올인원,50000326
선크림,50000327
클렌징,50000328
스크럽/필링,50000329
마스크/팩,50000330
메이크업,50000331
쉐이빙폼,50000332
남성청결제,50000333
남성화장품세트,50000334
SKT,50000246
KT,50000247
LG U+,50000248
공기계/중고폰,50000249
자급제폰,50001519
해외출시폰,50000250
MVNO,50000251
선불폰,50001520
휴대폰 케이스,50001377
가죽케이스,50004590
실리콘케이스,50004591
플라스틱케이스,50004592
메탈케이스,50004593
암밴드,50006839
기타케이스,50004594
휴대폰 보호필름,50001378
액정보호필름,50004595
전신보호필름,50004596
휴대폰스킨,50004597
홈버튼스티커,50004598
액정코팅제,50004599
휴대폰 충전기,50001379
충전기,50004600
크래들,50004601
휴대폰 배터리,50001380
전용배터리,50004602
보조배터리,50004603
휴대폰 케이블,50000252
휴대폰 젠더,50000253
휴대폰 렌즈,50000254
휴대폰 거치대,50000255
짐벌,50006369
셀카봉,50006370
휴대폰 줄,50000256
휴대폰 이어캡,50000257
핸드셋,50000259
터치펜,50000260
휴대폰 DMB 수신기,50000261
웨어러블 디바이스,50000262
웨어러블 디바이스 액세서리,50006371
휴대폰 쿨링패드,50000263
기타 휴대폰 액세서리,50000264
휴대폰 메모리,50005107
메모리 리더기,50005108
DSLR카메라,50000265
미러리스디카,50000266
일반디카,50000267
캠코더,50000268
카메라렌즈,50001381
표준렌즈,50004604
광각렌즈,50004605
망원렌즈,50004606
어안렌즈,50004607
컨버젼렌즈,50004608
렌즈용품,50001382
렌즈필터,50004609
렌즈어댑터,50004610
렌즈캡,50004611
렌즈후드,50004612
텔레컨버터,50004613
렌즈/필터케이스,50004614
핀홀/기타렌즈용품,50004615
즉석카메라,50001383
즉석카메라,50004616
즉석필름,50004617
즉석카메라액세서리,50004618
폴라로이드앨범,50005111
데코펜,50005112
데코스티커,50005113
필름카메라,50001384
SLR카메라,50004619
자동카메라,50004620
로모카메라,50004621
토이카메라,50004622
일회용카메라,50004623
메모리카드,50001385
MicroSD메모리,50004624
SD메모리,50004625
CF메모리,50004626
메모리스틱,50004627
XQD메모리,50004628
기타메모리,50004629
카드리더기,50001386
멀티리더기,50004630
전용리더기,50004631
메모리어댑터,50004632
카메라가방/케이스,50001387
전용케이스,50004633
일반형가방,50004634
배낭형케이스,50004635
방수케이스,50004636
기타카메라가방/케이스,50004637
가방용품,50004638
카메라스트랩/그립,50001388
넥스트랩,50004639
핸드그립,50004640
핸드스트랩,50002073
삼각대/헤드,50001389
삼각대,50002074
모노포드,50002075
헤드,50002076
플레이트/퀵슈,50002077
삼각대가방/스트랩,50002078
삼각대액세서리,50002079
플래시/조명용품,50001390
플래시,50002080
라이트,50002081
조명/노출용품,50002082
충전기/배터리,50001391
전용정품충전기,50002083
전용호환충전기,50002084
전용정품배터리,50002085
전용호환배터리,50002086
배터리그립,50002087
범용충전기,50002088
범용충전지,50002089
일회용건전지,50005114
LCD용품/보호필름,50001392
LCD보호필름,50002090
LCD보호커버,50002091
LCD후드,50002092
외부보호필름/스티커,50002093
필름/관련용품,50001393
35mm필름,50002094
중형필름,50002095
즉석필름,50004617
암실/현상용품,50002096
기타필름/관련용품,50002097
카메라/캠코더 관련용품,50001394
리모컨/릴리즈,50002098
수평계,50002099
촬영보조용품,50002100
GPS/무선송수신,50002101
카메라/캠코더용마이크,50002102
아이피스,50002103
파인더,50002104
포커싱스크린,50002105
핫슈커버,50002106
라이트박스,50002107
루페,50002108
소프트버튼,50002109
카메라제습용품,50002110
카메라보관함,50002111
청소용품,50002112
기타카메라/캠코더용품,50002113
망원경,50002009
쌍안경,50002010
천체망원경,50002011
현미경,50002012
광학용품액세서리,50002013
TV,50001395
LEDTV,50002114
OLEDTV,50002115
LCDTV,50002116
PDPTV,50002117
브라운관TV,50002118
영상가전액세서리,50001396
3D입체안경,50002119
AV분배기,50002120
AV선택기,50002121
AV셀렉터,50002122
AV젠더,50002123
AV케이블,50002124
리모컨,50002125
브라켓,50002126
방진용품,50002127
스탠드,50002128
안테나,50002129
TV셋톱박스,50002130
TV전용키보드,50002131
TV카메라,50002132
기타액세서리,50005246
프로젝터,50001397
DLP,50002133
LCD,50002134
LCoS/기타,50002135
프로젝터주변기기,50001398
프로젝터스크린,50002136
프로젝터램프,50002137
기타프로젝터주변기기,50002138
영상플레이어,50001399
퍼스널뷰어,50002139
블루레이플레이어,50002140
DVD플레이어,50002141
DVD레코더,50002142
DVD콤보,50002143
포터블DVD,50002144
디지털액자,50002014
전기장판/담요/방석,50001429
전기장판,50002555
전기담요,50002556
전기방석,50002557
전기매트,50001428
온수매트,50002550
황토매트,50002551
카페트매트,50002552
옥매트,50002553
기타전기매트,50002554
전기매트커버,50005122
전기히터,50001852
온풍기,50001422
전기온풍기,50002528
가스온풍기,50002529
석유온풍기,50002530
열풍기,50002531
돈풍기,50002532
컨벡터,50006835
라디에이터,50001853
냉온풍기,50001851
가습기,50001425
자연식가습기,50002538
가열식가습기,50002539
초음파식가습기,50002540
복합식가습기,50002541
USB가습기,50006848
가습기필터,50002542
가습기세정제,50005121
보일러,50001424
가스보일러,50002535
석유보일러,50002536
전기보일러,50002537
순간온수기,50001423
전기온수기,50002533
가스온수기,50002534
공기정화기,50001426
공기청정기,50002543
에어워셔,50006201
산림욕기,50002544
서큘레이터,50002545
환풍기,50002546
공기정화기필터,50002547
에어컨,50001421
스탠드형에어컨,50002521
벽걸이형에어컨,50002522
멀티형에어컨,50002523
창문형에어컨,50002524
천장형에어컨,50003207
중대형에어컨,50002525
시스템에어컨,50002526
이동식에어컨,50002527
에어컨세정제,50005119
에어컨커버,50005120
에어컨주변기기,50006834
에어컨 리모콘,50006836
에어컨 실외기,50006837
기타 액세서리,50006838
선풍기,50001420
스탠드형선풍기,50002513
벽걸이형선풍기,50002514
타워형선풍기,50002515
천장형선풍기,50002516
탁상형선풍기,50002517
휴대용선풍기,50002518
usb선풍기,50002778
업소용선풍기,50002519
차량용선풍기,50005117
선풍기커버,50005118
냉풍기,50001419
일반용냉풍기,50002511
업소용냉풍기,50002512
제습기,50001427
일반용제습기,50002548
업소용제습기,50002549
에어커튼,50001521
업소용냉온풍기,50006971
홈시어터,50001400
단일형홈시어터,50002145
사운드바시스템,50002146
조합형홈시어터,50002147
오디오,50001401
휴대폰도킹스피커/오디오,50002317
일체형오디오,50002318
분리형오디오,50002319
오디오액세서리,50003154
데크,50001963
리시버/앰프,50001964
튜너,50001965
오디오믹서,50001966
턴테이블,50001967
방송음향기기,50001968
스피커,50001402
스피커단품,50002320
스피커세트,50002321
블루투스스피커,50002322
DAC,50001969
라디오,50001970
카세트플레이어,50001403
워크맨,50002323
일반카세트,50002324
CD카세트,50002325
카세트플레이어액세서리,50003155
CD플레이어,50001971
MD플레이어,50001972
마이크,50001404
일반마이크,50002326
무선마이크,50002327
전문가용마이크,50006972
마이크주변기기,50002328
노래반주기,50001973
MP3,50001974
PMP,50001975
MP3/PMP액세서리,50001405
배터리,50002329
보호필름,50002330
충전기,50002331
케이스,50002332
기타 MP3/PMP액세서리,50002333
블루투스셋,50001406
블루투스이어폰/이어셋,50002334
블루투스헤드셋,50002335
블루투스동글,50002336
이어폰,50001976
헤드폰,50001977
이어폰/헤드폰액세서리,50001407
케이스/파우치,50002337
캡/솜/팁,50002338
거치대,50002339
연장선/케이블,50002340
정리기,50002341
기타이어폰/헤드폰액세서리,50002342
세탁기,50001408
일반세탁기,50002343
드럼세탁기,50002344
미니세탁기,50002345
건조기/탈수기,50001409
의류건조기,50002346
신발건조기,50002347
탈수기,50002348
의류관리기,50007045
청소기,50001410
진공청소기,50002349
소형청소기,50002350
물걸레청소기,50006368
스팀청소기,50002351
로봇청소기,50002352
침구청소기,50002353
업소용청소기,50002354
청소기액세서리,50002355
다리미,50001411
스팀다리미,50002356
건식다리미,50002357
디지털도어록,50001412
보조키형,50002358
주키형,50002359
무전기,50001413
생활용무전기,50002360
업무용무전기,50002361
무전기액세서리,50002362
스탠드,50001414
LED스탠드,50002363
삼파장스탠드,50002364
오파장스탠드,50002365
일반스탠드,50002366
칠파장스탠드,50002367
재봉틀,50001978
전화기,50001415
유선전화기,50002368
무선전화기,50002369
유무선전화기,50002370
스마트홈폰/패드,50003156
사무용전화기,50006963
구강청정기,50001416
전동칫솔,50002371
전동칫솔모,50002372
구강세정기,50002373
칫솔살균기,50002374
보풀제거기,50001979
손소독기,50001980
자외선소독기,50001981
핸드드라이어,50001982
연수기,50001983
이온수기,50001984
해충퇴치기,50001985
업소용자외선소독기,50006964
면도기,50001417
남성용면도기,50002375
여성용면도기,50002376
면도기소모품,50001418
면도날/망,50002377
세정액,50002378
기타면도기소모품,50002379
드라이어,50001986
고데기,50001987
매직기,50001988
에어브러시,50001989
헤어롤/롤셋,50001990
코털제거기,50001991
눈썹정리기,50001992
손발톱정리기,50001993
두피케어기기,50001994
피부케어기기,50001995
제모기,50001996
이발기,50001997
기타 이미용가전,50001864
이미용가전 액세서리,50001850
블랙박스/액세서리,50001188
블랙박스,50002731
블랙박스 액세서리,50002732
내비게이션/액세서리,50001189
내비게이션,50002733
내비게이션 액세서리,50002734
하이패스/GPS,50001190
하이패스,50002735
차량용 GPS,50002736
하이패스 액세서리,50002737
전방/후방카메라,50001191
후방카메라,50002738
후방감지기,50002739
전방카메라,50002740
전방감지기,50002741
이동식카메라감지기,50002742
자동차TV/모니터,50001192
인대쉬형,50002743
거치형,50002744
천장형,50002745
헤드레스트형,50002746
기타차량용TV/모니터,50002747
카오디오 음향기기,50001193
스피커,50002748
우퍼,50002749
앰프,50002750
음향기기 기타,50002751
카팩,50001194
무선,50002752
유선,50002753
헤드유닛,50001195
CD/MP3플레이어,50002754
DVD플레이어,50002755
CD/DVD체인저,50002756
헤드유닛패키지,50002757
방음/방진용품,50001196
방음/방진/흡음,50002758
방청용품,50002759
실내원단,50002760
자동차 AV용품,50001197
노이즈필터,50002761
레벨미터,50002762
서랍장,50002763
전원보강용품,50002764
리모컨,50002765
기타자동차AV용품,50002766
핸즈프리,50001727
브랜드 PC,50001737
조립/베어본 PC,50001738
서버/워크스테이션,50001739
CPU,50001620
RAM,50001218
데스크탑용,50003101
노트북용,50003102
그래픽카드,50001219
AMD계열,50003103
NVIDIA계열,50003104
기타계열,50003105
그래픽카드 주변기기,50003106
메인보드,50001220
인텔CPU용,50003107
AMDCPU용,50003108
기타메인보드,50003109
PC케이스,50001621
파워서플라이,50001221
ATX파워,50003110
mATX파워,50003111
TFX파워,50003112
UPS,50003113
서버용파워,50003209
기타PC용파워,50003114
PC케이블,50001222
1394케이블,50003115
D-SUB케이블,50003116
DVI케이블,50003117
HDMI케이블,50003118
SATA케이블,50003119
USB케이블,50003120
광케이블,50003121
랜케이블,50003122
비디오케이블,50003123
오디오케이블,50003124
젠더,50003125
전원케이블,50003126
기타케이블,50003127
인터페이스카드,50001223
1394카드,50003128
RAID카드,50003129
SATA카드,50003130
SCSI카드,50003131
USB카드,50003132
기타인터페이스카드,50003133
쿨러,50001224
CPU쿨러,50003134
HDD쿨러,50003135
그래픽카드쿨러,50003136
노트북쿨러,50003137
방열판,50003138
수냉쿨러,50003139
케이스쿨러,50003140
기타쿨러,50003141
튜닝용품,50001225
브라켓,50003142
팬/온도컨트롤러,50003143
팬그릴,50003144
팬필터,50003145
조명기기,50003146
방음방진,50003147
기타튜닝용품,50003148
USB액세서리,50001200
USB허브,50002776
USB라이트,50002777
USB선풍기,50002778
USB보온제품,50002780
USB잠금장치,50002781
USB청소기,50002920
USB토이,50002921
기타USB액세서리,50002922
마우스패드,50001571
손목받침대,50001572
보안기,50001573
PC받침대,50001574
PC홀더/브라켓,50001575
키보드키스킨/스티커,50001576
클리너,50001577
케이블타이/정리함,50001578
기타PC액세서리,50001579
모니터받침대,50001590
모니터어댑터,50001591
모니터브라켓,50001592
모니터암,50006203
기타모니터주변기기,50001593
케이스/파우치,50001588
스탠드/Dock,50001589
태블릿PC보호필름,50001202
액정보호필름,50002925
전신보호필름,50002926
노트북가방/케이스,50001580
노트북받침대/쿨러,50001581
노트북보안기,50001582
노트북어댑터,50001583
노트북용배터리,50001584
노트북키스킨,50001585
노트북보호필름,50001201
액정보호필름,50002923
전신보호필름,50002924
노트북도난방지,50001586
기타노트북액세서리,50001587
냉장고,50001430
양문형,50002558
일반형,50002559
업소용,50002560
김치냉장고,50001431
스탠드형,50002561
뚜껑형,50002562
서랍형,50002563
업소용,50002565
냉동고,50001854
전용냉장고,50001432
쇼케이스,50006372
반찬냉장고,50002566
육수냉장고,50006373
쌀냉장고,50002567
와인냉장고,50002568
제빙기,50002569
화장품냉장고,50002570
가스레인지,50001305
일반가스레인지,50002571
빌트인가스레인지,50002572
업소용가스레인지,50002573
가스레인지후드,50001855
전기밥솥,50001306
압력밥솥,50002574
일반밥솥,50002575
업소용밥솥,50002576
전자레인지,50001856
오븐,50001181
전기오븐,50002577
복합형오븐,50006202
오븐레인지,50002578
오븐조리기,50002579
인덕션,50001857
하이라이트,50001858
핫플레이트,50001859
쥬서기/녹즙기,50001860
믹서기,50001861
빙수기,50001862
분쇄기,50001863
식기세척/건조기,50001182
식기세척기,50002580
식기건조기,50002581
업소용식기세척기,50006960
업소용식기건조기,50006968
과일야채세척기,50002582
식기세척기전용세제,50005123
전기포트,50001183
무선포트,50002583
라면포트,50002584
보온포트,50002585
유선포트,50002586
전기물통,50002587
정수기,50001184
냉정수기,50002588
냉온정수기,50002589
냉온수기,50002590
미니정수기,50002591
정수기필터,50002592
기타정수기주변기기,50002723
진공포장기,50001706
음식물처리기,50001707
커피머신,50001185
에스프레소머신,50002724
업소용에스프레소머신,50006962
캡슐/POD머신,50002725
커피메이커,50001708
커피자판기,50001709
토스터기,50001186
팝업토스터기,50002726
오븐토스터기,50003208
제빵기,50001710
거품/반죽기,50001711
전기그릴,50001712
생선그릴,50001713
전기팬,50001714
튀김기,50001715
전기쿠커,50001187
슬로우쿠커,50002727
전기냄비,50002728
전기찜기,50002729
에그마스터,50002730
핸드블렌더,50001716
홍삼제조기,50001717
식품건조기,50001718
두부두유 제조기,50001719
요구르트 제조기,50001720
아이스크림 제조기,50001721
죽제조기,50001722
샌드위치 제조기,50001723
와플 제조기,50001724
탄산수 제조기,50001725
업소용 튀김기,50006961
업소용음식물처리기,50006965
업소용믹서기,50006966
업소용진공포장기,50006969
업소용빙수기,50006967
업소용거품/반죽기,50006970
기타 주방가전,50001726
Divx플레이어,50001595
DVR,50001211
DVR본체,50002961
DVR카드,50002962
DVR패키지,50002963
PC마이크,50001596
PC스피커,50001212
2채널,50002964
2.1채널,50002965
5.1채널,50002966
휴대용 스피커,50001597
PC카메라,50001598
PC헤드셋,50001599
TV카드,50001213
TV카드,50002968
PC리모컨,50002969
안테나,50002970
DMB수신기,50002971
사운드카드,50001214
내장형,50002972
외장형,50002973
레코딩장비,50002974
기타사운드카드용품,50002975
영상편집카드,50001215
디코더,50002976
엔코더,50002977
방송보드,50002978
영상편집,50002979
운영체제,50001512
보안/백신,50001513
사무/회계,50001514
개발툴,50001515
그래픽/멀티미디어,50001516
번역,50001517
유틸리티,50001518
공유기,50001226
유선공유기,50003149
유무선공유기,50003150
무선AP,50003151
랜카드,50001227
무선랜카드,50003152
유선랜카드,50003153
라우터,50001622
AP,50001623
KVM스위치,50001624
KVM케이블,50001497
네트워크모듈,50001498
네트워크테스트기,50001499
리피터장비,50001500
모니터공유기,50001501
무선모뎀,50001502
모뎀,50001503
블루투스동글,50001504
선택기,50001505
스위칭허브,50001506
시리얼장비,50001507
안테나,50001508
컨버터장비,50001509
프린터공유기,50001510
기타네트워크장비,50001511
마우스,50001203
무선마우스,50002927
유선마우스,50002928
트랙볼마우스,50002929
펜마우스,50002930
프리젠터,50002931
키보드,50001204
무선키보드,50002932
유선키보드,50002933
키패드,50002934
키보드/마우스세트,50001594
태블릿/액세서리,50001205
태블릿,50002935
태블릿액세서리,50002936
복합기,50001206
잉크젯복합기,50002937
컬러레이저복합기,50002938
흑백레이저복합기,50002939
프린터,50001207
잉크젯프린터,50002940
레이저프린터,50002941
포토프린터,50002942
도트프린터,50002943
라벨프린터,50002944
바코드프린터,50002945
영수증프린터,50002946
플로터,50002947
3D프린터,50005481
복합기/프린터소모품,50001208
잉크,50002948
토너,50002949
기타복합기/프린터소모품,50002951
3D프린터소모품,50005482
스캐너,50001209
명함스캐너,50002952
바코드스캐너,50002953
양면스캐너,50002954
펜스캐너,50002955
평판스캐너,50002956
필름스캐너,50002957
3D 스캐너,50006840
전자사전,50001728
전자책,50001729
어학학습기,50001730
학습보조기,50001731
보이스레코더,50001732
학습기기액세서리,50001198
보호필름/키스킨,50002767
케이스/파우치,50002768
충전기/케이블,50002769
외장HDD,50001600
외장SSD,50001601
NAS,50001602
USB메모리,50001615
HDD,50001616
SSD,50001617
ODD,50001216
CD/DVD콤보,50003088
CD-ROM,50003089
CD레코더,50003090
DVD-ROM,50003091
DVD레코더,50003092
블루레이,50003093
공미디어,50001217
CD미디어,50003094
DVD미디어,50003095
블루레이미디어,50003096
기타공미디어,50003097
미디어보관함,50003098
미디어전용라벨,50003099
기타공미디어액세서리,50003100
기타저장장치,50001618
저장장치액세서리,50001619
가정용게임기,50001733
휴대용게임기,50001734
PC게임,50001735
게임타이틀,50001736
게임기주변기기,50001199
조이스틱/컨트롤러,50002770
가방/케이스,50002771
보호필름,50002772
충전기기,50002773
음향기기,50002774
기타주변기기,50002775
침대,50001228
싱글침대,50003210
슈퍼싱글침대,50003211
더블침대,50003212
퀸침대,50003213
킹침대,50003214
침대프레임,50003215
이층침대,50003216
이단침대,50003217
접이식침대,50003218
돌침대,50003219
흙침대,50003220
베드벤치,50003221
패밀리침대,50006200
매트리스,50001229
싱글매트리스,50003222
슈퍼싱글매트리스,50003223
더블매트리스,50003224
퀸매트리스,50003225
킹매트리스,50003226
장롱/붙박이장,50001230
옷장,50003227
장롱,50003228
붙박이장,50003229
틈새옷장,50003230
드레스룸,50003231
화장대,50001231
일반화장대,50003232
콘솔,50003233
좌식화장대,50003234
화장품정리함,50003235
화장대의자,50003236
거울,50001232
벽걸이거울,50003237
전신거울,50003238
탁상거울,50003239
손거울,50003240
서랍장,50001233
2/3/4단 서랍장,50003241
5/6단 서랍장,50003670
협탁,50001307
부부테이블,50001308
침실세트,50001309
소파,50001234
가죽소파,50003242
인조가죽소파,50003243
패브릭소파,50003244
리클라이너소파,50003245
좌식소파,50003246
소파베드,50003247
벤치소파,50003248
수납소파,50003249
빈백,50003250
테이블,50001235
거실테이블,50003251
사이드테이블,50003253
다용도테이블,50003254
TV거실장,50001310
장식장,50001311
식탁/의자,50001236
식탁세트,50003255
식탁테이블,50003256
아일랜드식탁,50003257
레인지대겸용식탁,50003258
식탁의자,50003260
아일랜드식탁의자,50003261
레인지대,50001313
싱크대,50001314
왜건/카트,50001315
주방수납장,50001316
그릇장/컵보드,50001317
기타주방가구,50001318
와인랙,50004801
행거,50001319
수납장,50001320
선반,50001321
공간박스,50001322
고가구,50001323
나비장,50001324
CD/DVD장,50001325
신발장,50001326
우산꽂이,50001327
잡지꽂이,50001328
코너장,50001329
소품수납함,50001330
책상,50001332
책상의자,50001333
책상의자세트,50001334
책장,50001335
책꽂이,50001336
침대,50001237
일반침대,50003262
벙커침대,50003671
2단침대,50003672
2층침대,50003673
옷장,50001337
행거,50001338
서랍장,50001339
수납장,50001340
의자,50001341
소파,50001342
소품가구,50001344
아동침실세트,50001345
책상,50001238
h형 책상,50003263
일자형 책상,50003675
좌식책상,50003676
2인용 책상,50003677
컴퓨터책상,50003678
코너형책상,50003679
독서실책상,50003680
삼나무/원목책상,50003681
책상소품,50003695
책장,50001346
책꽂이,50001347
의자,50001239
일반의자,50003264
인테리어의자,50003682
목받침의자,50003683
좌식의자,50003265
스툴,50003266
안락의자,50003291
흔들의자,50003292
하이팩의자,50003293
간이/접이식의자,50003294
의자발받침대,50003295
사무/교구용가구,50001240
사무용책상,50003296
사무용책장,50003297
사무용소파,50003298
사무용의자,50003299
사무용수납가구,50003300
파티션,50003301
캐비닛,50003302
회의테이블,50003303
교구용가구/소품,50003304
학원/학교책걸상,50003305
기타사무/교구용가구,50003306
야외테이블,50001054
야외의자,50001055
정원그네,50001056
정자,50001057
야외벤치,50001058
기타아웃도어가구,50001059
파라솔,50001779
목재,50001060
반제품,50001061
가구부속품,50001113
가구다리,50003307
가구바퀴,50003308
경첩/꺽쇠/자석철물류,50003309
나사/못,50003310
로프/철망,50003311
서랍레일,50003312
소켓/옷걸이봉,50003313
기타가구부속품,50003314
바닥재,50001114
마루,50003315
매트류,50003316
온돌마루,50003317
인조잔디,50003318
장판,50003319
필름난방,50003320
기타바닥재,50003321
손잡이,50001062
타일,50001115
스텐타일,50003322
아트타일,50003684
우드타일,50003685
유리타일,50003686
자기질타일,50003687
점착식타일,50003688
카페트타일,50003689
파벽돌,50001063
몰딩,50004081
패널,50001065
벽지,50001116
합지벽지,50003323
실크벽지,50003324
뮤럴벽지,50003325
포인트벽지,50003326
띠벽지,50003327
기타벽지,50003328
시트지,50003913
타일시트지,50003329
무늬목시트지,50003690
단색시트지,50003691
포인트시트지,50003692
아이방시트지,50003693
뮤럴시트지,50003694
유리용시트지,50003696
데코스티커,50001066
접착제/보수용품,50001067
중문,50006959
욕실/바스,50007046
매트/침대커버,50001123
싱글/슈퍼싱글침대커버,50003470
더블/퀸/킹침대커버,50003471
싱글/슈퍼싱글매트커버,50003472
더블/퀀/킹매트커버,50003473
베개,50001124
계절베개,50003474
라텍스베개,50003475
메모리폼베개,50003476
베개커버,50003477
베개커버세트,50003478
스프레드,50000969
차렵이불,50000970
홑이불,50000971
패드,50001125
싱글/슈퍼싱글패드,50003479
더블/퀸/킹패드,50003480
요,50001126
요세트,50003481
요커버,50003482
이불커버,50000972
담요,50000973
무릎담요,50000974
전기매트커버,50000975
토퍼,50007048
토퍼커버,50007049
기타침구단품,50000976
침대커버세트,50001127
싱글침대커버세트,50003483
슈퍼싱글침대커버세트,50003484
더블/퀸침대커버세트,50003485
킹침대커버세트,50003486
매트커버세트,50001128
싱글매트커버세트,50003487
슈퍼싱글매트커버세트,50003488
더블/퀸매트커버세트,50003489
킹매트커버세트,50003490
이불베개세트,50001129
싱글이불베개세트,50003491
슈퍼싱글이불베개세트,50003492
더블/퀸이불베개세트,50003493
킹이불베개세트,50003494
이불패드세트,50001130
싱글이불패드세트,50003495
슈퍼싱글이불패드세트,50003496
더블/퀸이불패드세트,50003497
킹이불패드세트,50003498
요이불세트,50001131
1인용,50003499
2/3인용,50003500
한실예단세트,50000977
카페트,50001135
면/극세사카페트,50003511
파일카페트,50003512
원목/우드카페트,50003513
러그,50000981
발매트,50000982
대자리,50000983
왕골자리,50000984
쿨매트,50000852
커튼,50001136
거실용커튼,50003514
창문용커튼,50003515
커튼링/봉,50003516
로만셰이드,50000857
커튼/로만세트,50000858
블라인드,50000859
콤비블라인드,50006168
버티컬,50000860
롤스크린,50000861
바란스,50000862
캐노피,50000863
대나무발,50000864
비즈발,50000865
자바라,50000866
커튼액세서리,50000867
실커튼,50000853
커버류,50001137
소파커버/패드,50003517
에어컨커버,50003518
티슈커버/케이스,50003519
피아노커버,50003520
기타커버류,50003521
주방데코,50001138
식탁보,50003522
식탁보세트,50003523
식탁매트,50003524
의자커버,50003525
러너,50003526
앞치마,50003527
주방장갑,50003640
기타주방데코,50003641
쿠션/방석,50001139
일반방석,50003642
계절방석,50003643
기능성방석,50003644
방석커버,50003645
일반쿠션,50003646
기능성쿠션,50003647
등쿠션,50003648
대쿠션/대방석,50003649
헤드쿠션,50003650
목쿠션/아이필로우,50003651
바디필로우,50003652
팔꿈치/손목쿠션,50003653
쿠션커버,50003654
쿠션/방석커버세트,50003655
쿠션/방석기타,50003656
베개솜/속통,50001132
일반베개솜,50003501
양모베개솜,50003502
거위털/오리털베개솜,50003503
마이크로화이바베개솜,50003504
요솜/매트솜,50001133
견면요솜,50003505
목화요솜,50003506
이불솜,50001134
일반이불솜,50003507
양모이불솜,50003508
거위털/오리털이불솜,50003509
마이크로화이바이불솜,50003510
쿠션솜,50000979
방석솜,50000980
뜨개질,50001140
뜨개질실,50003657
뜨개질바늘,50003658
패키지,50003659
완제품,50003660
자수,50001141
도안,50003661
원단,50003662
실/바늘,50003663
패키지,50003664
완제품,50003665
퀼트/펠트,50001142
도안,50003666
원단,50003667
패키지,50003668
완제품,50003669
원단,50000849
수예용품/부자재,50000850
보석십자수,50006874
기타수예,50000851
스탠드,50001118
단스탠드,50003330
장스탠드,50003331
조명,50001119
벽등,50003332
샹들리에,50003333
거실조명,50003334
야외조명,50003335
분수등,50003336
주방조명,50003337
욕실조명,50003338
현관조명,50003339
인테리어조명,50003340
전구,50003341
형광등,50003342
시계,50001120
벽시계,50003343
알람/탁상시계,50003344
스탠드시계,50003345
액자,50001121
탁상용액자,50003346
벽걸이액자,50003347
파티션액자,50003348
캐릭터액자,50003349
퍼즐/그림/사진액자,50003350
포토보드/집게,50003351
액자세트,50003352
디지털액자,50002014
미술작품,50006309
회화,50006310
판화,50006311
아트포스터,50006312
사진작품,50006313
공예디자인,50006788
아로마/캔들용품,50001122
초/향초,50003353
촛대/홀더,50003354
아로마램프/오일,50003355
아로마방향제/디퓨저,50003356
캔들만들기,50006875
석고방향제만들기,50006876
기타아로마/캔들용품,50003357
장식인형,50001069
장식미니어쳐,50001070
화병,50001071
인테리어파티션,50001072
인테리어창문,50001073
인터폰박스,50001074
인테리어분수,50001075
오르골,50001076
워터볼,50000961
우체통,50000962
도어벨,50000963
디자인문패,50000964
냉장고자석,50000965
앤틱소품,50000966
전통공예소품,50000967
기타장식용품,50000968
국내분유,50000854
수입분유,50000855
특수분유,50000856
국내기저귀,50000729
수입기저귀,50000730
기능성기저귀,50001143
천기저귀,50003697
수영장기저귀,50003698
땅콩기저귀,50003699
기저귀커버,50003700
기저귀밴드,50003701
캡형,50005401
리필형,50005402
휴대용,50005403
혼합세트,50005405
분말이유식,50000733
반고형이유식,50000736
레토르트이유식,50000737
수제이유식,50001144
밥/죽,50003702
국/반찬,50003703
기타수제이유식,50003707
젖병,50000743
젖꼭지,50000745
노리개젖꼭지,50000746
유축기,50000673
분유케이스,50000674
보틀워머,50000675
모유보관비닐팩,50000677
수유쿠션/시트,50000679
수유가리개,50000680
수유패드,50000681
유두케어/젖몸살용품,50000684
기타수유용품,50000685
어린이건강식품,50000742
유아과자,50000739
유아두유,50000738
유아유제품,50005467
유아음료,50005468
초경량/휴대용,50000686
절충형/디럭스형,50000687
쌍둥이용,50005406
유모차/카시트 세트,50005407
유모차용품,50001147
유모차커버,50003865
유모차풋머프,50003870
유모차목쿠션/블랭킷,50003873
유모차햇빛가리개,50005303
유모차시트,50003864
유모차걸이,50003868
유모차장난감,50003871
유모차홀더,50003872
유모차보호대/안전바,50003866
유모차정리망/정리함,50003867
기타유모차용품,50003875
바구니형,50005408
일체형,50005409
분리형,50005410
카시트용품,50001148
햇빛가리개,50003877
카시트기타용품,50003879
차량안전벨트,50003880
아기띠,50000692
힙시트,50000697
아기띠침받이,50000694
망토/워머,50000702
슬링,50000701
아기띠쿨러/패드,50000693
기저귀가방,50000695
포대기/처네,50000698
캐리어,50000700
미아방지용품,50000703
기타외출용품,50000704
유아욕조,50000705
유아목욕의자,50000706
유아목욕장난감,50000714
유아목욕가운,50000707
유아목욕타월,50000708
유아샴푸캡,50000709
유아목욕장갑/스펀지,50000710
유아세면대/수도꼭지,50000711
유아욕탕온도계,50000713
욕실정리망/정리함,50000715
기타목욕용품,50000716
기저귀크림,50000717
유아크림,50000718
유아로션,50000719
유아오일,50000720
유아선크림,50000721
유아파우더,50000722
유아립케어,50000723
유아비누,50000724
유아바스/샴푸,50000726
유아입욕제,50000727
혼합세트,50005411
기타스킨/바디용품,50000728
유아변기/커버,50000601
유아면봉,50000603
유아손톱가위/손톱깎이,50000604
온습도계,50000605
유아손세정제,50000606
유아항균팩,50000624
유아마스크,50000608
캐릭터반창고,50000609
기저귀휴지통,50000610
분통/파우더통,50000611
유아이발용품,50000612
제균스프레이,50000613
콧물흡입기,50000614
키재기,50000615
투약기,50000616
해열시트,50000617
물티슈워머,50000618
유아세탁세제,50000626
유아유연제,50000627
유아세탁비누,50000628
혼합세트,50005413
유아표백제/얼룩제거제,50005412
유아칫솔,50000619
유아치약,50000620
유아구강세정제,50000621
유아구강청결티슈,50000622
손가락빨기방지용품,50000623
기타구강청결용품,50000625
젖병소독기,50000629
젖병세정제,50000630
젖병솔,50000631
젖병집게,50000632
젖병건조대,50000633
장난감소독기,50000634
안전문,50000576
모서리보호대,50000577
머리보호대,50000578
무릎보호대,50000579
문닫힘방지,50000580
미끄럼방지,50000581
디딤대,50000582
모기밴드/퇴치용품,50000583
안전잠금장치,50000584
콘센트안전커버,50000586
산모방석,50000503
전자파차단앞치마,50000505
태교용품,50001150
태교용구,50004035
태교음반/DVD,50004036
임산부바디필로우,50000276
임산부화장품,50000507
임산부손목보호대,50000508
모유촉진제/임산부영양제,50006841
기타임산부용품,50000277
속싸개,50000509
겉싸개,50000510
아기이불/요/패드,50000512
보낭/슬리핑백,50000513
방수요,50000514
유아베개,50005304
낮잠이불,50005305
DIY 아기용품,50000516
기타유아침구,50000517
유아컵,50000477
유아식기,50000478
유아스푼/포크,50000479
연습용젓가락,50000481
턱받이,50000482
조리기,50000483
과즙망,50000485
기타이유식용품,50000486
유아침대,50000587
유아책상,50000589
유아공부상,50000590
유아의자,50000591
유아소파,50000592
유아이유식의자,50000593
유아옷걸이,50000598
장난감정리함,50000600
기저귀정리함,50000473
기타유아가구,50000476
수유복,50000487
원피스,50000488
바지,50000496
청바지,50000497
트레이닝복/요가복,50000498
스커트,50000499
스타킹,50000500
레깅스,50000501
임부용수영복,50000502
임부속옷,50001149
수유브라,50004030
임부팬티,50004031
임부내복,50004032
임부러닝,50004033
임산부복대,50004034
셀프촬영,50006990
촬영의상,50006991
촬영소품,50006992
돌잔치용품,50006993
상대여,50006994
돌잔치소품,50006995
행사용스티커,50006996
답례품,50006997
기저귀케이크,50000518
유치보관함,50006988
탯줄보관함,50000519
손발도장,50000520
탯줄도장,50000521
성장카드,50006989
성장앨범/액자,50000522
기타출산/돌기념품,50000524
레그/스패츠,50000526
바디슈트/롬퍼,50000528
배냇저고리,50000529
손/발싸개,50000530
신생아모자/보닛,50000531
우주복,50000532
가제손수건,50005306
세트,50005307
내의/실내복,50005308
조끼,50000270
상하세트,50000271
티셔츠,50000535
블라우스/셔츠,50000536
니트/스웨터,50000409
카디건,50000410
바지,50000411
스커트,50000412
드레스,50000413
원피스,50000414
정장,50000415
트레이닝복,50000416
재킷,50000418
점퍼,50000419
코트,50000420
배변훈련팬티,50000422
속옷,50001151
러닝,50004037
팬티,50004038
코디세트,50006842
놀이방매트,50000371
RC/작동완구,50001154
RC카,50004207
로봇,50004210
자동차,50004212
동물작동완구,50004208
기차,50004209
로봇강아지,50004211
비행기,50004213
팽이,50006843
오토바이,50004216
장난감총,50004217
헬기,50004218
기타작동완구,50004642
감각발달완구,50001155
도형끼우기,50004219
링쌓기/컵쌓기,50004220
멜로디완구,50004221
비누방울,50004224
아기전화기,50004225
헝겊완구/헝겊책,50004227
기타감각발달완구,50004643
공간놀이기구,50001156
그네/그네봉,50004228
놀이집,50004229
다기능놀이터,50004230
미끄럼틀,50004231
볼텐트/놀이텐트,50004232
물놀이용품,50001157
풀장,50004239
구명조끼,50004233
목튜브/암링,50004234
보행기튜브,50004237
튜브,50004240
물총,50004242
스노클링,50004235
비치볼,50004243
보트,50004236
미술놀이,50001158
클레이,50004246
플레이콘/매직콘,50004248
그림판,50004249
물감,50004251
색연필,50004252
색칠공부,50004253
스케치북,50004254
이젤,50004255
크레욜라,50004256
크레파스,50004257
종이접기,50006998
오리기,50006999
기타미술놀이,50004250
블록,50001159
레고,50004258
옥스포드,50004261
빅블록,50004259
사각/십자블록,50004260
원목블록,50004262
자석블록,50004263
종이/소프트블록,50004264
스포츠완구,50001160
골프,50004265
공/소프트볼,50004266
볼링,50004267
스카이콩콩,50004269
스키/눈썰매,50004270
야구/캐치볼,50004271
축구대,50004272
농구대,50004273
트램펄린/덤블링,50004274
펀치백/권투,50004275
헬스기구,50004276
호핑볼/점핑볼,50004277
기타스포츠완구,50004644
승용완구,50001161
킥보드/씽씽이,50004413
전동차,50004410
붕붕카,50004405
스프링카,50004406
시소,50004407
왜건,50004409
지붕차,50004412
트레일러,50004414
흔들말,50004415
기타승용완구,50004645
유아/어린이자전거,50001162
다기능자전거,50004416
보조바퀴체인자전거,50004417
세발자전거,50004418
밸런스자전거,50005415
신생아/영유아완구,50001163
딸랑이,50004419
모빌,50004420
아기체육관,50004421
아기걸음마,50004422
오뚝이,50004423
치아발육기,50004424
베이비룸,50004425
플레이매트,50004426
신생아완구세트,50004427
기타신생아/영유아완구,50004646
언어/학습완구,50001164
학습보드판,50004428
낱말카드/학습카드,50004430
디지털학습완구,50004431
사운드북,50004432
스티커북,50004433
색칠북,50004434
유아용컴퓨터,50004435
자석놀이,50004436
학습벽보,50004437
기타언어/학습완구,50004429
역할놀이/소꿉놀이,50001165
공구놀이,50004438
낚시놀이,50004439
모래놀이,50004440
병원놀이,50004441
소꿉놀이,50004442
가게놀이,50004443
엄마놀이,50004444
인형유모차,50004445
주방놀이,50004446
쿠킹토이,50004447
화장놀이,50004448
기타역할놀이/소꿉놀이,50004647
원목교구/가베,50001166
가베,50004449
도미노,50004450
도형쌓기,50004451
롤러코스터,50004452
셈놀이/숫자놀이판,50004453
실꿰기/구슬꿰기,50004454
원목큐브,50004455
하노이탑,50004456
자연/과학완구,50001167
공룡,50004457
동물학습,50004458
과학상자,50004459
기초로봇,50004460
망원경,50004461
물로켓/고무동력기,50004462
식물학습,50004463
곤충학습,50004464
현미경,50004466
유아동퍼즐,50001168
구슬퍼즐,50004467
도형퍼즐/칠교놀이,50004468
원목/꼭지퍼즐,50004469
종이/입체퍼즐,50004470
직소퍼즐/액자,50004471
큐브/소마큐브,50004473
숫자퍼즐,50004474
그림퍼즐,50004475
기타유아동퍼즐,50004648
음악/악기놀이,50001169
나팔,50004476
드럼,50004477
마이크/노래방,50004478
멜로디언/키보드,50004479
실로폰,50004480
악기세트,50004481
피아노,50004482
타악기,50004649
기타음악/악기놀이,50004484
캐릭터카드/딱지,50000343
신발,50001152
보행기신발,50004039
운동화,50004198
샌들,50004042
아쿠아슈즈,50004200
장화,50005466
젤리슈즈,50006383
구두,50004040
부츠/털신,50004041
실내화,50004199
슬리퍼,50005465
가방,50001153
신발주머니/보조가방,50004201
토트백/숄더백,50004202
백팩,50004203
크로스백,50004204
캐리어백,50004205
미아방지가방,50004206
지갑,50000348
모자,50000349
장갑,50000350
귀마개,50000351
머플러,50000352
스카프,50000353
헤어핀,50000354
앞치마/토시/두건,50000356
넥타이,50000357
선글라스,50000358
양말,50000223
레깅스,50000224
헤어밴드,50000225
우산,50000226
벨트/멜빵,50000227
기타유아잡화,50000269
봉제인형,50000344
캐릭터/패션인형,50000217
기타인형,50000218
남아수영복,50000361
여아수영복,50000362
수경/수모/귀마개,50000363
수영가방/비치백,50000365
유아동전집,50006386
한글전집,50006387
수학전집,50006388
자연전집,50006389
영어전집,50006390
기타전집,50006391
학습교구,50006392
한글교구,50006393
수학교구,50006394
영어교구,50006395
자연/과학교구,50006396
미술교구,50006397
기타교구,50006398
학습보드게임,50000221
비디오/DVD,50000222
바운서/흔들침대,50000367
보행기,50000368
쏘서,50000369
점퍼루,50000370
돼지고기,50001170
국내산돼지고기,50004651
수입산돼지고기,50004652
쇠고기,50001171
국내산육우,50004653
한우,50004654
수입산쇠고기,50004655
닭고기,50001172
부위별닭고기,50004656
생닭,50004657
오리고기,50000279
양고기,50000280
알류,50001173
달걀,50004658
메추리알,50004659
오리알,50004660
훈제란,50002457
축산가공식품,50001174
갈비찜,50004661
돈가스,50004662
돈육훈제,50004663
돼지양념육,50004664
쇠고기양념육,50004665
닭양념육,50004666
오리양념육,50004667
오리훈제,50002456
떡갈비,50004668
베이컨,50004669
족발,50004670
햄,50004673
소시지,50004674
순대,50004675
육포,50004676
삼계탕,50004678
닭가공품,50004679
오리가공품,50004680
기타육가공,50004681
기타육류,50000215
건강음료,50001897
건강즙,50007000
양배추즙,50007001
양파즙,50007002
호박즙,50007003
비트즙,50007004
칡즙,50007005
토마토즙,50007006
기타건강즙,50007007
건강환/정,50001899
비타민제,50001090
멀티비타민,50002425
비타민A,50002426
비타민B,50002427
비타민C,50002428
비타민D,50007042
비타민E,50007043
비오틴,50007044
기타비타민,50002429
홍삼,50001901
인삼,50001902
한방재료,50001091
가시오가피,50002430
감초,50002431
계피,50002432
구기자,50002433
녹용,50002434
산수유,50002435
오미자,50002436
헛개나무,50002437
황기,50002438
기타한방재료,50002622
꿀,50001905
영양제,50001092
로얄제리,50002439
엽산,50002440
아연,50002441
철분,50002442
칼슘,50002443
마그네슘,50002444
프로폴리스,50002445
글루코사민,50002446
오메가3,50002447
감마리놀렌산,50002448
루테인,50002608
스쿠알렌,50002609
쏘팔메토,50002610
키토산,50002612
환자식/영양보충식,50002613
효모,50002614
기타건강기능식품,50002615
알로에정/겔,50002616
코큐텐,50002617
유산균,50007030
밀크씨슬,50007031
폴리코사놀,50007032
보스웰리아,50007033
셀레늄,50007034
칼륨,50007035
MSM,50007036
스피루리나,50002620
클로렐라,50002621
과일즙,50007008
석류즙,50007009
사과즙,50007010
포도즙,50007011
아로니아즙,50007012
배즙,50007013
블루베리즙,50007014
기타과일즙,50007015
건강분말,50001900
생선,50001175
갈치,50004682
고등어,50004683
굴비,50004684
장어,50004685
옥돔,50004686
조기,50004687
참치,50004688
동태,50004689
초밥재료,50004690
홍어,50004691
생선회,50004692
연어/훈제연어,50004693
기타생선,50004694
김/해초,50001176
김,50004695
다시마,50004696
매생이,50004697
미역,50004698
해초샐러드,50004699
기타해초,50004700
해산물/어패류,50001049
전복,50004701
새우,50004702
소라,50004703
골뱅이,50004704
낙지,50004706
문어,50004707
쭈꾸미,50004708
조개,50004709
오징어,50004710
게,50004711
킹크랩,50004712
바다가재,50004713
굴,50004714
꼬막,50004715
홍합,50004716
멍게,50004717
해삼,50004719
날치알,50004720
기타해산물,50004726
젓갈,50001050
명란젓,50004727
새우젓,50004728
오징어젓,50004729
낙지젓,50004730
조개젓,50004731
창난젓,50004732
토하젓,50004733
게장,50004734
대하장,50002458
젓갈선물세트,50004735
기타젓갈,50004736
건어물,50001051
멸치,50004737
쥐포,50004738
오징어,50004739
한치,50004740
문어,50004741
건새우,50004742
과메기,50004743
노가리,50004744
진미채,50004746
황태,50004747
기타건어물,50004748
쌀,50001052
백미,50004749
찹쌀,50004750
현미,50004751
흑미,50004752
기능성쌀,50004754
잡곡/혼합곡,50001053
보리,50004755
율무,50002148
녹두,50002149
들깨,50002150
참깨,50002151
메밀,50002152
옥수수,50002153
수수,50002154
기장,50002155
콩,50002156
팥,50002157
혼합곡,50002158
기타잡곡,50002159
과일,50000960
천혜향,50002178
한라봉,50002179
포도,50002180
복숭아,50002183
리치,50002184
체리,50002185
레몬,50002186
망고,50002187
자두,50002181
바나나,50002188
석류,50002189
오렌지,50002190
자몽,50002191
파인애플,50002192
기타과일,50002193
과일바구니,50002194
혼합과일세트,50002195
사과,50002160
배,50002161
토마토,50002162
감귤,50002163
딸기,50002164
단감,50002166
홍시,50002167
대봉시,50002168
매실,50002169
멜론,50002170
복분자,50002172
블루베리,50002173
수박,50002175
키위/참다래,50002176
참외,50002177
채소,50001077
쌈채소,50002211
시금치,50002212
고구마,50002214
감자,50002215
당근,50002216
더덕,50002217
도라지,50002218
야콘,50002219
연근,50002220
우엉,50002221
무,50002222
열무,50002223
마,50002224
토란,50002225
부추,50002226
피망/파프리카,50002227
새싹채소,50002228
아스파라거스,50002229
죽순,50002231
알로에,50002233
브로콜리,50002460
건나물,50002461
산나물,50002462
삶은나물,50002463
기타채소류,50002234
오이,50002196
애호박,50002197
단호박,50002198
가지,50002199
양파,50002200
대파,50002201
쪽파,50002202
마늘,50002203
고추,50002204
버섯,50002205
생강,50002206
배추,50002207
상추,50002209
견과류,50001078
호두,50002235
땅콩,50002236
밤,50002237
대추,50002238
은행,50002239
아몬드,50002240
잣,50002241
캐슈너트,50002242
해바라기씨,50002243
마카다미아,50002244
피스타치오,50002245
피칸,50002246
호박씨,50002247
기타견과류,50002249
건과류,50001093
건자두,50002452
건포도,50002453
곶감,50002454
기타건과류,50002455
감말랭이,50002449
건망고,50002450
건바나나,50002451
절임류,50002015
조림류,50002016
반찬세트,50002017
장아찌,50001916
장조림,50001917
기타반찬류,50002018
포기김치,50002019
갓김치,50002020
총각김치,50002021
깍두기,50002022
겉절이,50002023
나박김치,50002024
동치미,50002025
묵은지,50002026
백김치,50002027
열무김치,50002028
파김치,50002029
별미김치,50002030
절임배추,50002031
생수,50002032
탄산수,50002033
청량/탄산음료,50001079
과즙탄산음료,50002250
에이드음료,50002251
무알콜음료,50002252
사이다,50002253
콜라,50002254
아이스티,50002255
이온음료,50002256
기타탄산음료,50002257
주스/과즙음료,50001080
감귤주스,50002258
오렌지주스,50002259
사과주스,50002260
망고주스,50002261
자몽주스,50002262
토마토주스,50002263
포도주스,50002264
기타과즙음료,50002265
차류,50001082
코코아,50002267
녹차,50002268
홍차,50002380
허브차,50002381
보이차,50002382
옥수수수염차,50002594
유자차,50002595
율무차,50002596
우엉차,50006197
기타차,50002384
커피,50001081
원두커피,50002266
캔커피,50002605
커피믹스/인스턴트커피,50002606
더치커피,50005541
프림,50002607
라면,50001083
봉지라면,50002385
컵라면,50002386
면류,50001084
국수면,50002387
당면,50002388
스파게티면,50002389
냉면,50002390
칼국수면,50002391
소바,50002392
우동,50002393
쫄면,50002394
쌀국수면,50002598
소면,50002599
우유,50002006
두유,50002007
치즈,50001085
슬라이스치즈,50002395
피자치즈,50002396
크림치즈,50002397
기타치즈,50002398
시리얼,50002008
오트밀,50001881
통조림,50001882
밀가루,50001883
설탕,50001884
소금,50001885
조미료,50001086
고춧가루,50002399
식초,50002400
액젓,50002401
고추냉이,50002402
후추,50002403
기타조미료,50002404
식용유/오일,50001087
식용유,50002405
올리브유,50002406
카놀라유,50002407
포도씨유,50002408
해바라기씨유,50002409
들기름,50002410
참기름,50002411
기타기름,50002412
장류,50001088
고추장,50002413
된장,50002414
간장,50002415
청국장,50002416
쌈장,50002417
양념장,50002418
메주,50002419
기타 장류,50002420
소스,50001089
마요네즈,50002421
케첩,50002422
스파게티소스,50002423
기타소스,50002424
잼,50001887
떡,50001888
빵,50001889
케이크,50001890
즉석밥,50001891
죽,50001892
간편조리식,50001894
제빵/제과재료,50001895
파우더/스무디,50006198
튀김가루,50001753
기타분말가루,50001754
물엿,50001755
요구르트,50001756
생크림,50001757
마가린,50001758
버터,50001759
누룽지,50001760
스프,50001761
부침가루,50001879
빵가루,50001880
시럽,50001886
수산가공식품,50001094
맛살/게살,50002600
해물볶음류,50002601
해물찜류,50002602
해물탕류,50002603
해물튀김류,50002604
다이어트차,50001907
식이섬유,50001908
다이어트바,50001910
가르시니아,50001911
CLA,50001912
곤약,50006953
곤약쌀,50006954
곤약젤리,50006955
기타곤약가공품,50006957
헬스보충제,50001914
뷰티푸드,50001915
콜라겐,50007037
와일드망고,50007038
잔티젠,50007039
카테킨,50007040
히알루론산,50007041
기타다이어트식품,50001767
스낵,50001998
쿠키,50001999
초콜릿,50002000
사탕,50002001
껌,50002002
한과,50002003
전병,50002004
화과자,50002005
엿,50001762
젤리,50001763
푸딩,50001764
캐러멜,50001765
강냉이,50001918
강정,50001919
가공안주류,50001920
기타과자,50001921
아이스크림,50001865
빙수/빙수재료,50001866
피자,50001867
핫도그,50001868
햄버거,50001869
딤섬,50001870
만두,50001871
채식푸드,50001872
샐러드,50001873
어묵,50001874
즉석국/즉석탕,50001876
튀김류,50001877
도시락,50006199
기타냉동/간편조리식품,50001878
탁주,50006351
약주,50006353
과실주,50006948
와인,50006949
복분자주,50006950
과일주,50006951
소주,50006353
일반증류주,50006354
리큐르주,50006355
전통주선물세트,50006952
기타주류,50006356
밥/죽,50006809
찌개/국,50006810
면/파스타,50006811
구이,50006812
볶음/튀김,50006813
조림/찜,50006814
간식/디저트,50006815
세트요리,50006816
등산의류,50001096
세트,50002633
기능성언더웨어,50002634
재킷,50002627
점퍼,50002628
조끼,50002629
반팔티셔츠,50002630
긴팔티셔츠,50002631
바지,50002632
등산잡화,50001097
모자,50002635
장갑,50002636
양말,50002637
등산화,50001768
등산가방,50001769
등산장비,50001098
나침반,50002641
로프,50002642
GPS,50002643
물병,50002644
스틱,50002645
카라비너,50002646
기타등산장비,50001303
아이젠,50002639
스패츠,50002640
손난로,50002647
핫팩,50002648
텐트,50001099
1-2인용,50002649
2-3인용,50002650
3-4인용,50002651
4-5인용,50002652
5-6인용,50003279
6-7인용,50002653
7-8인용,50002654
9인용 이상,50002655
텐트용품,50006378
야외용난로,50001773
천막,50001771
랜턴,50001100
손전등,50002656
실내등,50002657
헤드랜턴,50002658
다용도칼,50001772
취사용품,50001101
캠핑아이스박스,50006228
코펠,50002659
버너,50002660
더치오븐,50002662
바비큐그릴,50002663
캠핑컵,50002664
연료,50002665
휴대용가스렌지,50002666
부탄가스,50006384
기타취사용품,50002667
타프,50001770
침낭,50001775
캠핑테이블,50001777
캠핑의자,50001776
테이블세트,50001778
파라솔,50001779
기타캠핑용품,50001304
캠핑매트,50005341
야전침대,50005342
해먹,50005343
남성수영복,50000998
남성사각,50003049
남성삼각,50003050
반신수영복,50003051
전신수영복,50003052
여성수영복,50000999
기타수영복,50005462
원피스수영복,50003055
비키니,50003056
모노키니,50007016
비치웨어,50001000
원피스,50003057
스커트,50003058
상의,50006379
팬츠,50006380
상하세트,50006381
커플비치웨어,50003063
수영용품,50001001
수영모,50003064
수경,50003065
귀마개,50003066
튜브,50003067
구명조끼,50003068
방수팩,50003069
수영가방,50003070
보트,50003071
스노클/마스크,50003072
오리발,50003073
조립식수영장,50003074
기타수영용품,50003075
스코어보드/작전판,50001177
테이핑요법,50001178
호각/호루라기,50001179
스포츠선글라스,50001297
스포츠아대/보호대,50001300
스포츠헤어밴드,50001301
스포츠토시,50001302
볼캐리어,50005302
스포츠마스크,50006374
스포츠넥워머,50006375
아이스머플러/스카프,50006376
골프클럽,50001102
드라이버,50002668
페어웨이우드,50002669
아이언,50002670
하이브리드/유틸리티,50002782
웨지,50002783
치퍼,50002784
퍼터,50002785
풀세트,50002788
연습용클럽,50002786
주니어용클럽,50002787
피팅헤드/샤프트,50002789
골프백,50001103
보스턴백,50002790
캐디백,50002791
하프백,50002792
항공커버,50002793
골프파우치,50002794
골프백세트,50002795
골프의류,50001104
티셔츠,50002796
니트,50002797
점퍼,50002798
재킷,50002799
조끼,50002800
바지,50002801
스커트,50002802
원피스,50006377
골프잡화,50001105
장갑,50002804
모자,50002805
양말,50002806
벨트,50002807
슈즈백,50002808
스파이크,50002809
골프화,50001740
골프공,50001741
골프연습용품,50001106
퍼팅용품,50002810
스윙용품,50002811
골프책,50002812
실외용품,50002813
골프필드용품,50001107
거리측정기,50002814
우산,50002815
레인코트,50002816
골프티,50002817
그립,50002818
헤드커버,50002819
기타필드용품,50002820
로스트볼,50001742
보드복,50000986
조끼,50002877
티셔츠,50002878
재킷,50002876
후드티,50002879
하의,50002880
상하세트,50002881
스키복,50001112
상의,50002869
하의,50002870
상하세트,50002871
스키/보드방한용품,50000988
귀마개,50002982
양말,50002987
반다나,50002985
비니,50002986
장갑,50002988
스노보드장비,50000987
데크,50002882
바인딩,50002883
부츠,50002980
스노보드세트,50002981
스키장비,50000985
부츠,50002872
폴,50002873
플레이트,50002874
스키세트,50002875
스키/보드용품,50000989
보드가방,50002991
보수장비,50002992
스티커용품,50002994
시즌권케이스,50002996
고글,50002989
보호대,50002993
헬멧,50002995
자전거/MTB,50001108
일반자전거,50002821
MTB,50002822
유사MTB,50002823
미니벨로,50002824
사이클,50002825
전기자전거,50002826
특수자전거,50002827
하이브리드,50002828
자전거용품,50001109
거치대,50002830
공구,50002831
물통,50002832
케이지,50002833
백미러,50002834
벨,50002835
보조바퀴,50002836
보호대,50002837
속도계,50002838
자전거가방,50002839
오일,50002840
세척제,50002841
자물쇠,50002842
자전거라이트,50002843
짐받이,50002844
펌프,50002845
헬멧,50002846
흙받이,50002848
기타자전거용품,50002849
자전거부품,50001110
바엔드/그립,50002850
변속기,50002851
브레이크,50002852
스탠드,50002853
시트포스트,50002854
안장,50002855
체인,50002856
클릿/페달,50002857
타이어/튜브,50002858
프레임/포크,50002859
핸들바,50002860
휠셋/림/스프라켓,50002861
기타자전거부품,50002862
자전거의류/잡화,50001111
상의,50002863
하의,50002864
상하세트,50002865
신발,50002866
장갑,50002867
배낭,50003281
두건/밴드,50002868
낚시릴,50000991
베이트릴,50003002
스피닝릴,50003003
전동릴,50003004
플라이릴,50003005
루어낚시,50000993
하드베이트,50003010
소프트베이트,50003011
루어가방,50003012
바늘,50003013
루어로드케이스,50003014
루어낚시세트,50003015
민물낚시,50000994
떡밥,50003016
민물낚시가방,50003018
민물낚싯바늘,50003019
민물낚시세트,50003020
받침대/받침틀/뒤꽂이,50003021
얼음낚시,50003022
찌,50003023
찌케이스,50003024
바다낚시,50000995
밑밥,50003026
바다낚시가방,50003027
바다낚싯바늘,50003028
바다낚시세트,50003029
찌,50003030
찌케이스,50003031
낚시용품,50000996
낚시의자,50003033
낚시텐트,50003034
밑밥주걱,50003035
밑밥통/살림통,50003036
두레박,50003037
케미/집어등,50003038
봉돌/싱커,50003039
쿨백,50003040
태클박스,50003041
뜰채/망/꿰미,50003042
가프,50003043
기포기,50006916
어군탐지기,50006917
낚시의류/잡화,50000997
낚시복,50003044
낚시조끼,50003045
낚시신발,50003046
낚시장갑,50003047
낚시장화,50003048
모자,50006914
힙커버/힙가드,50006915
낚싯대,50000990
민물낚싯대,50002997
민물루어낚싯대,50002998
바다민장대,50002999
바다찌낚싯대,50003000
플라이낚싯대,50003001
바다루어낚싯대,50007050
바다원투낚싯대,50007051
바다선상낚싯대,50007052
낚싯줄,50000992
모노라인,50003006
카본라인,50003007
합사라인,50003008
플라이라인,50003009
낚시공구,50006888
플라이어/니퍼,50006889
가위/라인커터/핀온릴,50006890
포셉/바늘빼기,50006891
립그립/고기집게,50006892
도래,50006893
낚시칼,50006894
기타낚시공구,50006895
러닝머신,50001002
접이식,50003076
고정식,50003077
헬스사이클,50001603
아령/덤벨,50001604
줄넘기,50001605
훌라후프,50001606
일립티컬,50001607
스텝퍼,50001608
트위스트,50001609
트램펄린,50001610
진동운동기,50001522
복근운동기구,50001523
거꾸리,50001524
벨트마사지,50001525
웨이트기구,50001003
벤치프레스,50003157
싯업벤치,50003158
웨이트용품,50003159
바벨,50003160
봉/바,50003161
복합헬스머신,50003162
헬스소품,50001004
짐볼,50003163
푸시업바,50003164
폼롤러,50006382
헬스장갑,50003165
모래주머니,50003166
손목근력기,50003167
악력기,50003168
완력기,50003169
기타헬스소품,50003170
승마운동기,50001526
전동휠,50006189
오토바이,50001546
스쿠터,50001547
오토바이부품,50001007
오일,50003177
잠금장치,50003178
튜닝용품,50003179
기타오토바이부품,50003280
오토바이용품,50001008
헬멧,50003180
보호대,50003181
기타오토바이용품,50003182
오토바이의류/잡화,50001009
상의,50003183
하의,50003184
상하세트,50003185
바이크장갑,50003186
스케이트보드,50001538
핑거보드,50005286
스케이트보드용품,50001540
스네이크보드,50001541
아이스스케이트,50001542
롤러슈즈,50001543
킥보드,50001544
트라이스키,50001545
성인용,50005463
주니어,50001534
인라인용품,50006768
요가매트,50001527
요가복,50001005
상의,50003171
하의,50003172
상하세트,50003173
요가용품,50001528
필라테스,50001529
축구화,50001548
풋살화,50001549
축구공,50001550
축구가방,50001010
슈즈백,50003188
필드용,50003189
축구장갑,50001551
축구의류,50005247
축구보호대,50001552
축구양말 ,50001553
축구연습용품,50001554
기타축구용품,50001555
글러브,50001556
헬멧,50001557
야구화,50001558
야구배트,50001559
야구장갑,50001560
야구보호대,50001433
야구공,50001434
야구양말,50001435
야구가방,50001436
야구의류,50005248
포수장비,50001180
기타야구용품,50001437
농구화,50001438
농구대,50001439
농구공,50001440
농구의류,50005249
농구공가방,50001441
기타농구용품,50001442
배구공,50001443
배구네트,50001444
배구의류,50005250
배구화,50001445
기타배구용품,50001447
탁구라켓,50001448
탁구공,50001449
탁구대,50001450
탁구의류,50005251
탁구화,50001451
기타탁구용품,50001348
배드민턴라켓,50001349
배드민턴화,50001350
배드민턴가방,50001351
셔틀콕,50001352
스트링,50001353
배드민턴의류,50005252
그립,50001354
배드민턴네트,50001355
연습용품,50001356
기타배드민턴용품,50001357
다이빙슈트,50001252
부력재킷,50001253
부츠,50001254
다이빙칼,50001255
글러브,50001256
게이지,50001257
기어백,50001258
레귤레이터,50001259
리트렉터,50001260
수중전등,50001261
수중총/작살,50001262
옥토퍼스,50001263
호스,50001264
납,50001265
기타스킨스쿠버용품,50001266
죽도,50001267
죽도집/부속품,50001268
타격대,50001269
도복,50001270
검도보호용품,50006844
기타검도용품,50001276
테니스라켓,50001358
테니스화,50001359
테니스공,50001360
테니스의류,50005253
테니스가방,50001361
그립,50001362
스트링,50001363
기타테니스용품,50001364
스쿼시라켓,50001365
스쿼시공,50001366
기타스쿼시용품,50001368
족구공,50001241
족구네트,50001242
족구의류,50001243
족구화,50001244
기타족구용품,50001246
볼링의류,50005254
볼링공,50001247
볼링용품,50001248
볼링화,50001249
아대,50001250
볼링가방,50001251
댄스복,50005461
댄스소품,50001278
글러브,50001279
미트,50001280
샌드백,50001281
마우스피스,50001282
머리보호대,50001283
급소보호대,50001284
몸통보호대,50001285
배보호대,50001286
팔다리보호대,50001287
무도복,50001291
수련화,50001292
띠/벨트,50001293
격파용품,50001294
교본,50001295
기타수련용품,50001296
목검/가검,50001288
봉/곤/창,50001289
기타무술용품,50001290
목공공구,50001020
대패,50003282
샌더,50003283
트리머,50003284
조각기,50003285
톱,50003286
홀쏘,50003287
설비공구,50001021
배관용품,50003288
컷터기,50003289
확관기,50003290
코아드릴,50003358
파이프머신,50003359
용접공구,50001022
용접기,50003360
용접봉,50003361
용접용품,50003362
인두기,50003363
인두용품,50003364
절단기,50003365
해빙기,50003366
예초기,50001023
가스예초기,50003367
엔진예초기,50003368
충전/전기예초기,50003369
예초기부품,50003370
원예공구,50001024
농기구,50003371
압축분무기,50003372
비료살포기,50003373
원예가위,50003374
잔디깎이,50003375
호스/호스카트,50003376
스프링쿨러,50003377
기타원예공구,50003378
농기계,50006194
에어공구,50001025
에어건,50003379
에어렌치,50003380
에어스프레이건,50003381
에어타카,50003382
에어호스/게이지,50003383
컴프레서,50003384
유압공구,50003385
기타에어공구,50003386
수작업공구,50001026
공구세트,50003387
공구함,50003388
니퍼,50003389
도끼,50003390
드라이버,50003391
렌치,50003392
망치,50003393
몽키,50003394
복스,50003395
스패너,50003396
타카,50003397
타카핀,50003398
펜치,50003399
플라이어,50003400
바이스,50003401
핀셋,50003402
작업대,50003403
기타수작업공구,50003404
전동공구,50001027
드릴세트,50003405
비트세트,50003406
세척기,50003407
청소기,50003408
광택기,50003409
송풍기,50003410
열풍기,50003411
전동공구액세서리,50003412
전동드릴,50003413
충전드릴,50003414
해머드릴,50003415
컷쏘,50003416
기타전동공구,50003417
절삭공구,50001028
각도/고속절단기,50003418
그라인더,50003419
그라인더날,50003420
다용도조각기,50003421
루터,50003422
루터날,50003423
직소기,50003424
직소기날,50003425
측정공구,50001029
레이저측정기,50003426
산업용저울,50003427
수평기,50003428
온도계/습도계,50003429
염도계,50003430
워킹자/줄자,50003431
캘리퍼스,50003432
테스트기,50003433
방사능측정기,50003434
조도계,50003435
음주측정기,50003436
흡연측정기,50003437
산소포화도측정기,50003438
기타측정기,50003439
소형기계,50001030
펌프,50003440
모터,50003441
발전기,50003442
기타소형기계,50003443
안전용품,50001031
보안경,50003444
마스크,50003445
소방용품,50003446
소화기,50003447
안전/작업복,50003448
안전모,50003449
안전장갑,50003450
안전표시/신호,50003451
안전화,50003452
비상/구난용품,50003453
기타안전용품,50003454
전기용품,50001032
멀티탭,50003455
일회용 건전지,50003456
일회용 리튬건전지,50003457
충전용 건전지/배터리,50003458
기타전기용품,50003459
접착용품,50001033
글루건,50003460
세정제/클리너,50003461
스프레이,50003462
윤활유,50003463
실리콘,50003464
접착제,50003465
시멘트/몰탈,50006193
체결용품,50001034
나사,50003466
리벳,50003467
못,50003468
볼트/너트,50003469
스프링,50003623
핀,50003528
홀딩클램프,50003529
페인트,50001035
수성페인트,50003530
유성페인트,50003531
락카/스프레이페인트,50003532
페인트용품,50001036
젯소,50003533
바니시,50003534
스테인,50003535
에폭시,50003536
붓,50003537
롤러,50003538
방수제,50006192
기타페인트용품,50003539
운반용품,50001037
사다리,50003540
핸드카트/운반기,50003541
지게차,50006195
포장용품,50001038
밴딩기,50003542
택배박스,50003543
택배봉투,50003544
테이프,50003545
커터,50003546
리본,50003547
포장지,50003548
선물박스,50006878
다이어리/플래너,50001039
스케줄러/플래너,50003549
다이어리,50003550
캘린더/달력,50003551
바인더,50003552
속지,50003553
데코용품,50003554
가계부,50003555
노트/수첩,50001040
노트,50003556
노트패드,50003557
포스트잇,50003558
수첩,50003559
메모지,50003560
체크리스트,50003561
필기도구,50001041
데코펜,50003562
리필심,50003563
만년필,50003564
매직,50003565
네임펜,50003566
보드마카,50003567
볼펜,50003568
분필,50003569
사인펜,50003570
샤프,50003571
샤프심,50003572
연필,50003573
연필깎이,50003574
잉크,50003575
펜,50003576
필기구세트,50003577
형광펜,50003578
기타필기도구,50003579
앨범,50001042
미니앨범,50003580
접착식앨범,50003581
포켓식앨범,50003582
포토박스,50003583
폴라로이드앨범,50003584
보드/칠판,50001043
네온보드,50003585
메모판/미니보드,50003586
블랙보드,50003587
전자칠판,50003588
칠판,50003589
코르크/게시판,50003590
화이트보드,50003591
데스크용품,50001044
데스크패드,50003592
데스크정리함,50006877
독서대,50003593
북엔드,50003594
문진,50003595
지칼,50003596
연필꽂이,50003597
메모꽂이,50003598
팬시용품,50001045
다이모,50003599
테이프,50003600
스티커,50003601
북마크,50003602
스탬프,50003603
엠보서,50003604
모양펀치,50003605
저금통,50003606
펜슬케이스,50003607
카드,50003608
편지지,50003609
엽서,50003610
봉투,50003611
청첩장,50003612
모바일초대장,50006190
기타문구/사무용품,50001046
도장,50003613
인주,50003614
문구세트,50003615
사무용가위,50003616
사무용칼,50003617
수정용품,50003618
스테이플러/침,50003619
자,50003620
자석,50003621
지구본,50003622
지우개,50003716
집게,50003717
클립/핀,50003718
펀치,50003719
풀/접착제,50003720
명패,50003721
명찰,50003722
현수막,50003723
상패,50003724
바인더,50003725
명함꽂이,50003726
서류철/결재판,50003727
파일,50003728
파일속지,50003729
문서보관함/서류함,50003730
서류꽂이/서류받침대,50003731
명함/전단지제작,50006191
용지,50001047
복사지,50003732
견출지,50003733
라벨지,50003734
양식/서식지,50003735
인화지/포토용지,50003736
컬러복사지,50003737
코팅지/필름지,50003738
팩스용지/전산용지,50003739
기타용지,50003740
사무기기,50001048
OHP,50003741
공학용계산기,50003742
일반계산기,50003743
금고,50003744
금전등록기,50003745
동전계수기,50003746
디지털복사기,50003747
문서세단기,50003748
수표발행기,50003749
실물화상기,50003750
재단기,50003751
전자타자기,50003752
접지기,50003753
제본기,50003754
지폐계수기,50003755
천공기,50003756
출퇴근기록기,50003757
코팅기,50003758
팩스,50003759
제도용품,50000921
제도용자,50003761
제도용지,50003762
제도용필기구,50003763
제도판,50003764
기타제도용품,50003765
이벤트/파티용품,50000922
가면/머리띠,50003766
데코용품,50003767
야광용품,50003768
식기/테이블용품,50003770
폭죽/불꽃놀이,50003771
스프레이,50003772
고깔모자,50003773
가랜드,50003774
풍선/풍선용품,50003775
서예/동양화용품,50000923
먹,50003777
먹물,50003778
벼루,50003779
연적,50003780
문진,50003781
전각재료,50003782
멍석,50003783
미술도구수납용품,50000924
아트백,50003784
화구통/박스,50003785
붓통/케이스,50003786
미술보조용품,50000925
이젤,50003787
팔레트,50003788
물통,50003789
컬러가이드,50003790
토시/앞치마/장갑,50003791
목각인형,50003792
아크릴판,50003793
보조제/접착제/정착제,50003794
전문지류/미술지류,50000926
캔버스/판넬,50003796
스케치북/크로키북,50003797
미술용지,50003798
한지/공예용지,50003799
화선지,50003800
골판지,50003801
간지,50003802
색종이/종이접기,50003803
페인트/염료/잉크,50000927
페인트,50003881
염료,50003882
잉크,50003883
붓,50000928
구성붓/세필붓,50003884
수채화붓,50003885
유화붓,50003886
아크릴붓,50003887
서예/동양화붓,50003888
물감/포스터컬러,50000929
수채화물감,50003889
유화물감,50003890
아크릴물감,50003891
동양화물감,50003892
포스터컬러,50003893
스케치/드로잉용품,50000930
목탄/콘테,50003894
수채색연필,50003895
유성색연필,50003896
파스텔,50003897
오일파스텔,50003898
마카,50003899
크레파스,50003900
애니메이션용품,50000931
라이트박스,50003901
만화원고지,50003902
펜촉/펜대,50003903
스크린톤,50003904
우드락/폼보드,50000636
조소/판화용품,50000932
조소용품,50003905
찰흙/점토,50003906
클레이,50003907
판화용품,50003908
사료,50000380
수조장식용품,50000381
수조청소용품,50000382
수족관/어항,50000383
수초,50000384
에어/기포,50000385
모터,50000386
히터,50000387
조명,50000388
여과기/여과제,50000389
게임,50000949
다트,50004131
보드게임,50004132
마술도구,50004133
퍼즐/블록,50000950
퍼즐,50004134
블록,50004135
모형/프라모델/피규어,50000951
모형,50004136
다이캐스트,50004278
밀리터리,50004279
프라모델,50004280
프라모델용품,50006829
피규어,50007028
보관용품,50007029
무선/RC,50000952
드론,50006129
보트/배,50004281
자동차,50004282
탱크,50004283
중장비,50004284
헬기,50004285
비행기,50004286
RC소품,50004287
서바이벌,50000954
보호장비,50004292
서바이벌용품,50004293
건(GUN),50004294
화폐,50000955
지폐,50004295
주화,50004296
우표/씰,50000956
우표,50004297
씰,50004298
LP,50000374
공예품,50000375
중고도서,50000957
도서,50004299
만화,50004300
코스튬플레이,50000958
의상,50004301
소품,50004302
포스터,50000376
이색수집품,50000378
서예/글씨,50000373
DIY용품,50000933
도색용품,50003909
레진,50003910
접착제,50003911
보호필름,50003912
시트지,50003913
DIY전구,50003914
LED소자,50003915
릴레이,50003916
스위치,50003918
전기용품,50003919
휴즈,50003920
공구,50003921
램프,50000934
실내등,50003922
안개등,50003923
전조등,50003924
테일램프,50003925
방향지시등,50003926
기타램프용품,50003927
차량실내용품,50000935
바닥매트,50003928
목쿠션,50006830
등쿠션,50006831
팔/틈새쿠션,50006832
방석,50006833
배터리,50000637
배터리용품,50000936
배터리충전기,50003929
점프선,50003930
터미널,50003931
기타배터리용품,50003932
공기청정용품,50000937
세척제,50003933
에어컨필터,50003934
세차용품,50000938
광택기,50003935
컴프레셔,50003936
먼지털이개,50003938
브러시,50003939
세차도구세트,50003940
세차물통,50003941
세차장갑,50003942
스펀지,50003943
타월/융,50003944
가죽클리너,50003945
광택코팅제,50003946
세차패키지,50003947
카샴푸,50003948
타이어세정광택제,50003949
휠세정광택제,50003950
세척기,50003951
스티커제거제/타르제거제,50003952
엔진룸세척,50003953
유리코팅제,50003954
유리세정제,50003955
유리복원제,50003956
김서리방지제,50003957
정전기방지,50003958
차량용커버,50003959
컴파운드,50003960
호스,50003937
키용품,50000939
시동경보기,50003962
스마트키,50003963
스킨,50003964
스타트버튼,50003965
키노브,50003966
키케이스,50003967
폴딩키,50003969
시트커버,50000638
편의용품,50000940
차량용가습기,50003970
차량용공기청정기,50003971
차량용냉/온장고,50003972
차량용면도기,50003973
차량용보온컵,50003974
차량용선풍기,50003975
차량용온풍기,50004044
차량용청소기,50004045
오일관리,50000941
미션오일,50004046
미션오일첨가제,50004047
부동액,50004048
브레이크오일,50004049
엔진오일첨가제,50004050
연료첨가제,50004051
오일세트,50004052
오일필터,50004053
엔진오일,50004054
연비향상오일,50004055
기타오일용품,50004056
익스테리어용품,50000942
스티커,50004057
엠블럼,50004058
가드,50004059
몰딩,50004060
사이드미러,50004061
후사경,50004062
선루프,50004063
선바이저,50004064
에어로파츠,50004065
와이퍼,50004066
워셔액,50004067
도어스커프,50004068
번호판볼트,50004069
사이드스텝,50004070
안테나볼,50004071
폴대,50004072
후드핀,50004073
캐리어,50004074
루프박스,50004075
인테리어용품,50000943
기어용품,50004076
대시보드커버,50004077
룸미러,50004078
룸미러커버,50004079
보조룸미러,50004080
몰딩,50004081
썬팅필름,50004082
안전벨트,50004083
차량용나침반,50004084
차량용시계,50004085
차량용장식소품,50004086
차량용재떨이,50004087
차량용사진액자,50004088
페달용품,50004089
핸들,50004090
핸들커버,50004091
햇빛가리개,50004092
주차번호판,50004093
전기용품,50000944
소켓/시거잭,50004094
인버터,50004095
전류전압안정기,50004096
접지케이블,50004097
차량용태양열충전기,50004098
차량용AC어댑터,50004099
컨버터,50004100
수납용품,50000945
CD바이저,50004101
논슬립패드,50004102
선글라스클립,50004103
옷걸이/후커/행거,50004104
콘솔박스,50004105
트렁크정리함,50004106
포켓,50004107
홀더,50004108
휴지통,50004109
우산걸이,50004111
테이블,50004112
휴대폰용품,50000946
차량용휴대폰거치대,50004113
차량용휴대폰충전기,50004114
스노우체인,50000424
타이어/휠,50000947
휠,50004115
휠용품,50004116
타이어,50004117
타이어용품,50004118
튜닝용품,50000948
냉각,50004119
배기/흡기튜닝,50004120
브레이크,50004121
서스펜션,50004122
엔진튠업,50004123
점화케이블,50004124
점화플러그,50004125
계기판,50004126
게이지,50004127
혼,50004128
레이싱용품,50004129
기타튜닝용품,50004130
차량용케이블,50000423
피아노,50000959
그랜드피아노,50004303
디지털피아노,50004304
일반피아노,50004305
피아노용품,50004306
기타(guitar),50000868
베이스기타,50004307
어쿠스틱기타,50004308
오베이션기타,50004309
우쿨렐레,50004310
일렉기타,50004311
클래식기타,50004312
건반악기,50000869
멜로디언,50004314
아코디언,50004315
오르간,50004316
실로폰,50004319
키보드/신시사이저,50004320
현악기,50000870
만돌린,50004321
바이올린,50004322
베이스,50004323
비올라,50004324
전자바이올린,50004325
첼로,50004327
하프,50004328
기타현악기,50004329
케이스,50004330
활,50004331
현악기소품/부품,50004332
관악기,50000871
색소폰,50004333
오카리나,50004334
클라리넷,50004335
트럼펫,50004336
팬플루트,50004337
플룻,50004338
호른,50004339
휘슬,50004340
오보에,50004341
피콜로,50004342
바순,50004343
트롬본,50004344
튜바,50004345
유포니움,50004346
리코더,50004347
관악기소품/부품,50004348
타악기,50000872
드럼,50004349
스틱/스탠드,50004350
심벌즈,50004351
전자드럼,50004352
기타타악기,50004354
타악기소품/부품,50004353
국악기,50000873
가야금,50004355
거문고,50004356
꽹과리,50004357
단소,50004358
대금,50004359
북,50004360
소금,50004361
장구,50004362
징,50004363
해금,50004364
기타국악기,50004365
국악기/소품/부품,50004366
음향기자재,50000874
메트로놈,50004367
보면대,50004368
스탠드,50004369
앰프,50004370
이펙터,50004371
튜너기,50004372
파워믹서,50004373
기타악기,50000875
핸드벨,50004374
탬버린,50004375
하모니카,50004376
기타교육용악기,50004485
영화,50000879
국내영화,50004511
해외영화,50004512
드라마,50000880
국내TV드라마,50004513
해외TV드라마,50004514
애니메이션,50000236
뮤직비디오,50000237
취미/스포츠,50000238
종교,50000239
교육,50000240
교양/다큐멘터리,50000241
유아/어린이,50000242
국내앨범,50000234
해외앨범,50000235
강아지 사료,50006630
건식사료,50006631
소프트사료,50006632
캔사료,50006633
수제사료,50006634
분유/우유,50006635
강아지 간식,50006636
개껌,50006637
사사미,50006638
수제간식,50006639
비스켓/시리얼/쿠키,50006640
동결/건조간식,50006641
캔/파우치,50006642
저키/스틱,50006643
통살/소시지,50006644
음료,50006645
강아지 배변용품,50006646
배변패드,50006647
배변판,50006648
기저귀/팬티,50006649
탈취제/소독제,50006650
물티슈/크리너,50006651
배변유도제,50006652
배변봉투/집게,50006653
강아지 건강/관리용품,50006654
영양제,50006655
눈/귀 관리용품,50006657
강아지유산균,50006656
치약,50006658
칫솔,50006659
구강청결제,50006660
구강티슈,50006661
강아지 미용/목욕,50006662
샴푸/린스/비누,50006663
에센스/향수,50006664
브러쉬/빗,50006665
이발기,50006666
미용가위,50006667
발톱/발 관리,50006668
드라이기,50006669
타월/가운,50006670
기타 미용/목용용품,50006671
강아지 계단/스텝,50006672
강아지 장난감/훈련,50006673
노즈워크,50006674
장난감/토이,50006675
공/원반,50006676
훈련용품,50006677
고양이 사료,50006678
건식사료,50006679
캔사료,50006680
파우치사료,50006681
수제사료,50006682
분유/우유,50006683
고양이 간식,50006684
캔/파우치,50006685
수제간식,50006686
사사미,50006687
동결/건조간식,50006688
저키/스틱,50006689
통살/소시지,50006690
비스켓/시리얼/쿠키,50006691
캣닢/캣그라스,50006692
음료,50006693
고양이 배변용품,50006694
응고형모래,50006695
흡수형모래,50006696
후드형화장실,50006697
평판형화장실,50006698
거름망형화장실,50006699
배변패드,50006700
탈취제/소독제,50006701
매트/발판,50006702
분변통/모래삽,50006703
고양이 건강/관리용품,50006704
영양제,50006705
고양이유산균,50006706
구강관리용품,50006707
고양이 미용/목욕,50006708
샴푸/린스/비누,50006709
에센스/향수,50006710
브러쉬/빗,50006711
이발기/가위,50006712
발톱/발 관리,50006713
드라이기,50006714
타월/가운,50006715
물티슈/크리너,50006716
고양이 캣타워,50006717
고양이 장난감,50006718
낚시/막대,50006719
토이/쿠션/공,50006720
터널/주머니,50006721
자동장난감,50006722
레이저포인터,50006922
스크래쳐,50006723
쿠션/하우스,50006724
쿠션/방석,50006725
하우스,50006725
매트,50006725
패션용품,50006728
패딩/아우터,50006729
올인원/원피스,50006730
티셔츠,50006731
기타의류,50006732
악세서리,50006733
식기/급수기,50006734
식기/식탁,50006735
자동급식기,50006736
급수기/물병,50006737
정수기/필터,50006738
사료통/사료스푼,50006739
캐리어/유모차,50006740
캐리어,50006741
유모차,50006742
카시트,50006743
안전문/울타리,50006744
안전문,50006745
울타리,50006746
야외용품,50006747
목줄,50006748
가슴줄,50006749
목걸이/인식표,50006750
리드줄,50006751
햄스터용품,50000229
고슴도치용품,50000230
토끼용품,50000231
조류용품,50000232
기타반려동물용품,50000233
불교용품,50000243
천주교용품,50000244
기독교용품,50000245
비데/비데용품,50000896
기계식비데,50004853
렌탈비데,50004854
비데필터,50004855
전자식비데,50002269
욕조/반신욕용품,50000897
욕조,50002270
반신욕조,50002271
욕조덮개,50002272
욕실잡화,50000898
디스펜서,50002273
변기커버,50002274
샤워커튼/커튼봉,50002275
욕실청소용품,50002276
욕실발판/발매트,50002277
욕실선반,50002278
욕실세트,50002279
비누곽/홀더/받침,50002280
휴지걸이,50002281
칫솔통/걸이,50002282
수건걸이,50002283
욕실의자,50002284
욕실장,50002285
욕실화,50002286
목욕바구니,50002287
바가지,50002288
샤워가운,50002289
샤워용품,50002290
때타월/때장갑,50002291
샤워볼,50002292
바디브러시,50002293
세숫대야,50002294
수건/타월,50002295
양치컵,50002296
여행용세트,50002297
치약짜개,50002298
샤워기/수전용품,50000899
샤워기,50002299
샤워호스,50002300
세면기,50002301
수도/수전용품,50002302
양변기,50002303
연수기,50002304
녹물제거필터,50002305
배수구캡,50002306
욕실부속품,50002307
면도용품,50000900
면도기,50002308
면도기날,50002309
다림판,50002034
다림풀,50002035
빨래건조대,50000901
이동접이식,50002310
천장부착식,50002311
빨래바구니,50002036
빨래삶통,50002037
빨래줄,50002038
빨래집게,50002039
빨래판,50002040
세탁망,50002041
세탁볼,50002042
세탁솔,50002043
세탁잡화,50002044
체중계,50000902
디지털체중계,50002312
아날로그체중계,50002313
만보계,50002045
신장계,50002046
체온계,50002047
체지방계,50002048
혈압계,50002049
심박계,50002050
청진기,50002051
건강목걸이,50002052
건강팔찌,50002053
금연용품,50002054
뜸/뜸기구,50002055
수지침,50002056
먼지차단마스크,50002057
수액시트,50002058
지압기,50002059
코건강용품,50002060
코클리너,50002061
파라핀용품,50002062
전자담배,50006130
전자담배 액세서리,50006131
소음방지귀마개,50006958
기타건강관리용품,50002063
침/바늘,50002064
혈당측정지,50002065
혈당계,50002066
좌욕기,50001929
좌훈기,50001930
식기,50000881
공기,50004515
대접,50004516
공기대접세트,50004517
단반상기,50004518
디저트세트,50004519
면기,50004520
반상기,50004521
볼,50004522
소스기,50004523
수저,50004524
수저받침,50004525
수저통,50004526
양식기,50004527
접시,50004528
찬기,50004529
티스푼,50004530
티포크,50004531
티스푼/티포크세트,50004532
홈세트,50004533
식판,50004534
어린이식기,50004535
잔/컵,50000882
다기/주기,50004536
머그,50004537
유리컵,50004538
찻잔,50004539
텀블러,50004540
플라스틱컵,50004541
와인잔,50004542
샴페인잔,50004543
스텐컵,50005256
냄비/솥,50000883
곰솥/들통,50004544
냄비부자재,50004545
냄비세트,50004546
돌솥,50004547
뚝배기,50004548
압력솥,50004549
양수냄비,50004550
전골냄비,50004551
전자레인지/오븐 용기,50004552
직화냄비,50004553
찜기,50004554
편수냄비,50004555
프라이팬,50000884
구이팬,50004556
궁중팬/튀김팬,50004557
양면팬,50004558
일반프라이팬,50004559
프라이팬세트,50004560
주전자/티포트,50000885
주전자,50004561
티세트,50004562
티포트,50004563
보관/밀폐용기,50000886
김치통,50004564
도시락/찬합,50004565
도자기/유리용기,50004566
물병,50004567
물통,50004568
법랑용기,50004569
비닐접착기,50004570
스텐용기,50004571
시리얼디스펜서,50004572
쌀통,50004573
아이스트레이,50004574
양념통/설탕프림기,50004575
플라스틱용기,50004576
항아리,50004577
보온/보냉병,50004578
아이스박스,50004579
기타보관용기,50005257
칼/커팅기구,50000887
강판,50004756
다지기,50004757
절구,50004758
주방가위,50004759
채칼/필러,50004760
칼,50004761
칼갈이,50004762
칼꽂이/블럭,50004763
칼세트,50004764
도마,50000216
교자상/밥상,50000888
교자상,50004765
다과상,50004766
다용도상,50004767
상커버,50004768
주방수납용품,50000889
식기건조대,50004769
싱크선반,50004770
주방정리소품,50004771
조리기구,50000890
계란찜기/계란틀,50004772
국자,50004773
김밥/주먹밥틀,50004774
달고나세트,50004775
뒤집개,50004776
믹싱볼,50004777
바구니,50004778
조리도구세트,50004779
주걱,50004780
집게,50004781
채반,50004782
퐁듀세트,50004783
기타조리기구,50004784
거품기,50004785
오프너,50004786
솔,50004787
깔때기,50004788
제면기,50004789
스퀴저,50004790
다시망,50004791
커피용품,50000891
커피분쇄기,50004792
커피추출기,50004793
스팀피쳐/밀크저그,50004794
드립포트,50004795
우유거품기,50004796
여과지,50004797
템퍼,50004798
와인용품,50000892
디캔터,50004799
스토퍼/세이버,50004800
와인랙,50004801
와인액세서리세트,50004802
와인오프너,50004803
와인쿨러,50004804
제과/제빵용품,50000893
계량스푼,50004805
계량컵,50004806
계량저울,50004807
쿠킹타이머,50004808
모양깍지/짤주머니,50004809
스패츌러/주걱,50004810
빵칼,50004811
와플팬,50004812
유산지/베이킹컵,50004813
제빵소도구,50004814
식힘망,50004815
돌림판,50004816
작업판/매트,50004817
밀대,50004818
쿠키팬,50004819
빵틀,50004820
쿠키커터/모양틀,50004821
핸드믹서기,50004822
주방잡화,50000894
야채탈수기,50004823
고무장갑,50004824
냄비받침,50004825
수세미,50004826
컵받침/홀더,50004827
쟁반,50004828
랩,50004829
롤백,50004830
지퍼백,50004831
비닐장갑,50004832
쓰레기봉투,50004833
일회용식기,50004834
일회용도시락,50004835
일회용젓가락,50004836
커피스틱,50004837
종이컵,50004838
종이컵디스펜서,50004839
쿠킹호일,50004840
일회용빨대,50004841
행주,50004842
기타주방잡화,50004843
제수용품,50000895
병풍,50004844
유기제기,50004845
제기,50004846
제기세트,50004847
제기함,50004848
휴대용제기,50004849
돗자리,50004850
향/향로,50004851
위패,50004852
거즈/붕대/솜류,50002067
구급/응급용품,50002068
석션기/네블라이저,50002069
핀셋/포셉/겸자류,50002070
의료용가구,50005258
찜질기,50001931
찜질팩,50001932
다리보호대,50001951
목보호대,50001952
무릎보호대,50001953
발목보호대,50001954
손목/팔보호대,50001955
허리보호대,50001956
스포츠테이프,50001957
어깨보호대,50001958
자세교정용품,50001959
의료용압박스타킹,50001960
재활운동기구,50001961
기타재활운동용품,50001962
기타렌즈용품,50001944
렌즈세정액,50001817
렌즈세척기,50001818
안대,50001819
돋보기,50002071
보청기,50002072
보행보조용품,50001945
보행차/실버카,50001946
휠체어,50000903
스틸휠체어,50002314
알루미늄휠체어,50002315
전동휠체어,50002316
목욕보조용품,50001947
배변보조용품,50001948
욕창방지용품,50001949
장례용품/수의,50001950
저주파안마기,50001922
저주파자극기,50001923
저주파패드,50001924
적외선조사기,50001925
디스크/관절용품,50001926
부항기,50001927
물리치료용품,50001928
구강청정제/가글,50001933
치실/치간칫솔,50001935
치아미백제,50001936
치약,50001937
칫솔,50001938
칫솔치약세트,50001939
혀클리너,50001940
마우스피스,50001941
틀니관리용품,50001942
치석제거기,50001943
건강슬리퍼,50001820
다리/발마사지기,50001821
발지압/발매트,50001822
족욕/족탕기,50001823
발보호대/패드,50001824
발가락교정기,50001825
발냄새제거제,50001826
발각질제거기,50001827
화장지,50000908
각티슈,50002480
여행티슈,50002481
냅킨,50002482
롤화장지,50002483
물티슈,50002484
세정티슈,50002485
점보롤,50002486
키친타월,50002487
페이퍼타월,50002488
화장지세트,50002489
화장지케이스,50002490
생리대,50000909
일반생리대,50002491
체내형생리대,50002492
성인용기저귀,50000910
산모용,50002493
환자용,50002494
요실금용,50002495
위생매트,50002496
세제/세정제,50000911
일반주방세제,50002497
식기세척기전용세제,50002498
손소독제,50006879
베이킹소다/구연산,50002499
곰팡이제거제,50002500
살균소독제,50002501
배수구세정제,50002502
변기세정제,50002503
세탁조세정제,50002504
에어컨세정제,50002505
가습기세정제,50002506
유리세정제,50002507
광택제,50002508
세탁세제,50002509
빨래비누,50002510
울세제,50002671
홈드라이,50002672
세탁보조제,50002673
섬유유연제,50000912
일반섬유유연제,50002674
고농축섬유유연제,50002675
시트형섬유유연제,50002676
제습/방향/탈취,50000913
실내용방향제,50002677
차량용방향제,50002678
새집증후군/진드기,50002679
섬유탈취스프레이,50002680
실내탈취제,50002681
옷장탈취제,50002682
냉장/냉동고탈취제,50002683
신발/신발장탈취제,50002684
차량용탈취제,50002685
제습제,50002686
숯,50002687
해충퇴치용품,50000914
모기향,50002688
에어졸/스프레이,50002689
리퀴드,50002690
매트형,50002691
겔,50002692
아로마/로션,50002693
모기채/파리채,50002694
끈끈이,50002695
방충제,50006956
생활잡화,50000915
돗자리/매트,50002696
모기장,50002697
문풍지,50002698
단열시트,50002699
방풍막/방풍비닐,50002700
분무기,50002701
쇼핑백,50002702
핸드카트,50002703
신발관리도구,50002704
재떨이,50002705
호출벨,50002706
가죽클리너,50006399
보안용품,50000916
CCTV,50002707
모형카메라,50002708
자물쇠/열쇠,50002709
도어락/안전고리,50002710
경보기,50002711
호신용품,50002712
기타보안용품,50002713
생활선물세트,50001780
안마의자,50001828
렌탈안마의자,50001829
안마기,50001830
쿠션안마기,50001832
안마매트,50001833
기타안마용품,50001834
바구니,50001835
선반/진열대,50000904
벽걸이선반/진열대,50002464
코너선반/진열대,50002465
이동식선반/진열대,50002466
스탠드선반/진열대,50005260
정리함,50000905
속옷정리함,50002467
부직포정리함,50002468
종이정리함,50002469
소품정리함,50002470
신발정리대,50002471
옷걸이,50000906
일반옷걸이,50002472
매직행거,50002474
바지걸이,50002475
소품걸이,50001836
옷커버,50001837
압축팩,50001838
선풍기커버,50001839
마네킹,50005381
밀대/패드,50001840
빗자루/쓰레받기,50001841
걸레,50001842
먼지떨이/먼지제거기,50001843
솔,50001844
유리닦이용품,50001845
테이프클리너,50001846
회전청소기,50001847
매직블럭,50001848
휴지통,50000907
압축휴지통,50002476
다용도휴지통,50002477
음식물쓰레기통,50002478
분리수거함,50002479
기타청소용품,50001849
공기정화식물,50001782
관엽식물,50001783
다육식물,50001784
수경식물,50001785
식용식물,50001786
넝쿨식물,50001787
허브식물,50001788
천연잔디,50001789
미니화분,50001790
분재,50001791
숯부작,50001792
토피어리,50001793
씨앗/모종,50001805
조화,50001806
보존화,50001807
금꽃,50001808
비누꽃,50001809
종이꽃,50001810
테라리엄,50006881
플라워소품만들기,50006880
영화,50000917
국내영화,50002714
해외영화,50002715
드라마,50000918
국내TV드라마,50002716
해외TV드라마,50002717
유아/어린이,50001689
애니메이션,50001811
뮤직비디오,50001812
취미/스포츠,50001813
종교,50001814
교육,50001815
교양/다큐멘터리,50001816
물조리개,50001794
수반,50001795
원예부자재,50001796
자갈/모래/흙,50001797
정원데코,50001798
정원부자재,50001799
조경수/묘목,50001800
화분,50001801
화분대,50001802
화분받침,50001803
화분영양제/비료,50001804
뮤지컬,50001690
콘서트,50001691
연극,50001692
스포츠,50005310
전시/행사,50001693
클래식,50001694
오페라,50001695
발레/무용,50001696
국악/전통예술,50001697
꽃배달,50001698
케이크배달,50001699
백화점상품권,50001700
구두상품권,50001701
도서/문화상품권,50001702
마트상품권,50001703
영화상품권,50001704
외식상품권,50001705
주유상품권,50001743
영화/공연관람권,50001746
백화점/마트,50001747
편의점,50006204
과자류,50006205
음료,50006206
아이스크림,50006207
간편식사,50006208
헤어/뷰티/건강,50001749
주유,50001750
뷔페/레스토랑,50001751
치킨/배달음식,50001752
패스트푸드,50001625
카페/베이커리,50001626
피자,50001627
아이스크림,50001628
쇼핑상품,50001629
통화/문자/데이터,50001630
도서/문화,50001631
사진촬영,50001632
학습/생활서비스,50001633
게임/E머니,50001634
원데이클래스,50006928
기타모바일쿠폰/상품권,50001635
스키/보드,50000920
리프트권,50002884
시즌권,50002885
눈썰매장,50001636
워터파크,50001637
아쿠아리움,50001638
테마/놀이동산,50001639
래프팅,50001640
스파/찜질방,50001641
수상레저,50001642
체험,50006869
기타레저이용권,50001643
국내여행,50001644
해외여행,50001645
국내숙박,50001646
해외숙박,50001647
국내항공권,50001648
해외항공권,50001649
렌터카,50001650
VOD,50001651
강좌,50001652
전자도서,50001653
만화,50001654
오디오북,50001655
기타e컨텐츠,50001656
스킨케어,50000793
스킨/토너,50002886
에센스,50002887
로션,50002888
크림,50002889
미스트,50002890
아이케어,50002891
립케어,50002892
마스크/팩,50002893
스페셜케어,50002894
페이스오일,50002895
메이크업,50000794
베이스메이크업,50002896
색조메이크업,50002897
메이크업도구,50002899
네일메이크업,50002898
클렌징,50001657
선케어,50001658
바디케어,50001659
헤어케어,50001660
남성화장품,50001661
아동화장품,50001662
여성향수,50001663
남성향수,50001664
시계,50000795
정장시계,50002900
캐주얼시계,50002901
아동시계,50002902
필기도구,50001667
라이터,50001668
크리스탈,50001670
수첩/다이어리,50001671
생활소품,50001672
가방,50000796
핸드백,50002903
백팩,50002904
여행용가방,50002905
비지니스가방,50002906
소품/기타,50002907
지갑,50000797
장지갑,50002908
중/반지갑,50002909
카드/명함지갑,50002910
열쇠지갑,50002911
소품지갑,50002912
벨트,50001686
선글라스,50001687
안경,50001688
넥타이,50001561
스카프/머플러,50001562
의류,50000798
남성용,50002913
여성용,50002914
신발,50000799
남성용,50002916
여성용,50002917
모자,50001564
장갑,50001565
양말,50001566
우산/양산,50001567
패션소품,50001568
여행소품,50001569
언더웨어,50001563
건강식품,50001612
홍삼/인삼,50001613
기호식품,50001614
노트북/주변기기,50001570
카메라/캠코더,50000800
카메라,50002919
캠코더,50003078
주변기기,50003079
가전제품,50000801
면도기,50003080
이미용가전,50003081
전동칫솔,50003082
기타 가전제품,50003083
MP3/이어폰/헤드폰,50000802
MP3/PMP,50003084
전자사전,50003085
이어폰,50003086
헤드폰,50003087
기타 전자제품,50001611
귀걸이,50001673
목걸이,50001674
반지,50001675
팬던트,50001676
팔찌,50001677
발찌,50001678
헤어,50001679
넥타이핀,50001680
커프스,50001681
브로치,50001682
키홀더,50001683
휴대폰줄,50001684
장식소품,50001685
